,A,B,C,D
2000-01-01,0.14181382725434802,0.82458033160099,-0.7267121942248439,-0.7560523504770986
2000-01-02,-1.4497635503448685,0.6438228853337826,-1.4411476059846877,-1.6615646659152299
2000-01-03,-0.3535158446268587,-1.5422489190046231,-0.06839430443487027,-1.7933894494537577
2000-01-04,-0.22859761255335856,-3.223037075924688,0.24607362880387307,-4.225665251834692
2000-01-05,1.1946737075089089,-2.736995180528793,1.37991120309791,-4.892016038956725
2000-01-06,1.3445132116445069,-1.8106366808247971,1.9272903474620855,-4.490681726218243
2000-01-07,0.6936410310805814,-1.8594815553535848,0.9338931377907177,-4.427828973797135
2000-01-08,-0.35317818398819245,-1.0672289959262904,0.41291075199144867,-3.6230998747140806
2000-01-09,0.22339360878786718,-1.2975360044857447,0.08336629531867046,-3.3809806344898496
2000-01-10,0.9553382525812418,-0.8908770380854141,-1.4945378755512497,-3.480599256395466
2000-01-11,-1.020714487286785,-0.2248453628990712,-0.17143323462783489,-2.7744071251324227
2000-01-12,-0.9310574747017145,-0.5560717178814956,-0.2679295449269388,-1.0522057473126074
2000-01-13,1.0186289006218328,-1.2594953461269014,-1.1288383816303924,-1.1759456533916854
2000-01-14,1.4643931726289963,0.4338187425006903,-1.5803780354151975,-0.3879705717571075
2000-01-15,0.238192615532679,-0.2561731933774992,-2.633920583693733,0.48326609626861405
2000-01-16,0.9259346306189142,-1.8563074936397963,-3.1470855639341058,0.002729534729514038
2000-01-17,1.7972054629144092,-1.396169351846048,-3.5463719102913207,0.3155825923064411
2000-01-18,1.576898790092923,-1.018409992746704,-3.9162572538838383,-2.12670647114138
2000-01-19,1.0486857395003226,-0.007181126483168043,-3.320015512975534,-1.7410254387491761
2000-01-20,1.2368129122816853,-0.4286361179223507,-3.845930396266904,-1.0526068828286284
2000-01-21,1.2441655223457824,-0.2469055385523184,-4.109639040725478,-1.5026868540135059
2000-01-22,2.7610977578557168,-0.2105686464218209,-3.5446881453386614,-1.7159870192783953
2000-01-23,2.4412017540315993,-1.6520567745729768,-2.2873787956506764,-2.6746196510409685
2000-01-24,2.8893832826177364,-2.104598257746539,-2.1598905418640215,-2.724311501072707
2000-01-25,2.577284806698892,-2.458534905357517,-1.3338929829462078,-1.977255471267277
2000-01-26,3.5067047955037065,-2.106240992520986,-1.6619130605483206,-1.9928021354757186
2000-01-27,3.1976157286150864,-1.5727489296217692,-0.9918367048959768,-1.69771256476715
2000-01-28,3.1398944943855045,-2.512117916905207,-0.16249765506516234,-2.290973529339672
2000-01-29,4.680109314911975,-2.8318729839578336,0.10898042608653619,-1.4849772164810449
2000-01-30,4.343211084530926,-1.8781627095202218,1.2000426551882675,-0.8645429206082044
2000-01-31,6.396432853489029,-1.8627042848172126,-0.32907398278734323,-1.7786146064107324
2000-02-01,7.1336424433983625,-2.839178472163934,-0.35648067188024735,-1.9650828285899717
2000-02-02,7.315677930468827,-3.45696720107659,0.5928712039190069,-1.5465886061402971
2000-02-03,6.729103276898184,-3.964035998748497,1.042894003968672,-2.76555260600105
2000-02-04,6.753186437036436,-4.558162567618921,1.4343528165009813,-2.868446179864399
2000-02-05,6.963332408785255,-5.292033835891987,0.6942414532417835,-1.9180627184226697
2000-02-06,6.48992125062799,-5.376397626573328,-0.32669087339989034,-3.0234443650020433
2000-02-07,5.711795217267175,-6.910221204463349,-1.3952344184583634,-3.0466859878564536
2000-02-08,5.244863866242888,-6.779389953105842,-1.175838702298043,-4.817453006288931
2000-02-09,4.449906782645203,-5.835497557002251,-0.8621728934185194,-3.3394934179204663
2000-02-10,2.958834210401527,-5.248685691831615,-1.9166539019060185,-5.478668491742448
2000-02-11,3.752267613120718,-4.941945564202996,-2.879847429006163,-6.163116222099271
2000-02-12,1.9008257413724037,-5.523903726115875,-4.808928669897263,-6.579156455727073
2000-02-13,1.8821730909007086,-3.6690911416018475,-4.4257936190357565,-5.025565452975181
2000-02-14,2.552025895846889,-2.796249865745284,-5.520358257542223,-4.746976815981979
2000-02-15,2.1125748212134625,-3.2164645362991617,-5.127908042093683,-5.514276502585488
2000-02-16,1.0215423029988806,-3.205458948513697,-5.444513368136312,-5.967558181941896
2000-02-17,0.4706407790397703,-3.751609863264009,-4.489671829370972,-5.296812130193013
2000-02-18,1.8944437738961328,-3.5306722215949686,-3.595548532626572,-5.608877490196739
2000-02-19,0.22590038045574845,-2.954595531526426,-3.9921400956711053,-6.311265557811327
2000-02-20,0.41597695459508355,-1.3178329278498624,-4.913165061896258,-6.823695981492667
2000-02-21,0.40237077523321246,-2.6744357998915818,-4.207496898125082,-7.897311147746808
2000-02-22,-0.26208258558851355,-2.562679835442277,-3.901631335604909,-9.772771297206315
2000-02-23,0.32489728092366627,-3.241464337603891,-3.5058307137472413,-10.150351431395858
2000-02-24,0.8597599119066766,-3.1925794621365307,-3.25993532590509,-11.109125183637396
2000-02-25,0.7508629831471685,-2.7077196992632144,-4.33976706171236,-11.064312057323555
2000-02-26,-0.7100720647626899,-1.5610844905391679,-3.563415207063046,-10.86482640031803
2000-02-27,-0.10484903574557558,-1.561584587915681,-2.2090352507312105,-8.69976022846273
2000-02-28,-1.0335762344021286,-2.3974701019424365,-2.305806309613701,-8.253572428306585
2000-02-29,-2.1247067967647335,-2.160810981112684,-1.6624482649022705,-7.7940284439134615
2000-03-01,-3.2928261086672443,-3.174236837752611,-2.1820189809413435,-8.56024763534716
2000-03-02,-3.0056859914995715,-4.202924576336275,-2.9676406432743696,-6.989811956227262
2000-03-03,-3.163179017249654,-4.358912820743289,-2.028922810598645,-6.478707447191655
2000-03-04,-3.0721244486456802,-4.999957809185566,-3.0434331308697855,-5.895854043453629
2000-03-05,-3.4739669579286208,-5.520407032163613,-2.0351184658788943,-7.867847222224377
2000-03-06,-4.399436606115167,-4.910674039460191,-1.6386310248664668,-8.863697002750673
2000-03-07,-3.9767804803342575,-6.163499659690007,-1.5089062421581483,-8.38564305158018
2000-03-08,-4.447750102009526,-4.967423057479408,-3.5917898499602314,-8.033813248924057
2000-03-09,-4.662699181187962,-4.59005533003792,-3.9126814132780883,-8.28736826585521
2000-03-10,-4.811625576122057,-5.066740300847307,-4.375554876297179,-7.7503640918599634
2000-03-11,-5.732497399148267,-5.392638563519695,-4.604440007465155,-8.978158818106426
2000-03-12,-6.769700058428127,-4.495619956734927,-6.320886297749925,-8.839341321216802
2000-03-13,-7.131843334288003,-3.7873383495226913,-7.973294483820952,-9.468924107769448
2000-03-14,-6.910391001907342,-5.426768970301868,-8.747030655953512,-9.59650570710828
2000-03-15,-7.384198742892134,-5.7484100210323374,-11.068799223742122,-8.779129155608592
2000-03-16,-6.231257623069231,-5.619483159629456,-11.16622109481176,-8.249554376595581
2000-03-17,-4.9482510794504115,-5.697858819903174,-11.781972736777522,-9.506488503467999
2000-03-18,-4.736585312756715,-5.504622277356252,-10.172476713196037,-9.647420920121577
2000-03-19,-3.993115712353405,-5.839882123211647,-9.662979810799465,-9.619002640323584
2000-03-20,-3.55457381962798,-3.2167626282840613,-9.480231183432476,-7.525733298347518
2000-03-21,-4.935655212946652,-3.060646407833198,-9.297568185284646,-6.34056855427451
2000-03-22,-4.227897838192138,-4.531315801733313,-10.424531828808917,-7.663625858829022
2000-03-23,-4.524314645447068,-5.129776655300413,-10.876616746283467,-7.401581235489332
2000-03-24,-4.7808240857374695,-3.9380292434794533,-10.234670380402758,-6.55251512778039
2000-03-25,-6.599300710363529,-3.906203235615269,-10.09379825322202,-6.421376011606791
2000-03-26,-6.506068772476497,-3.1917735959982334,-9.702188627250392,-8.449252967529594
2000-03-27,-7.2325853610254915,-2.0269483148772043,-9.384893521490698,-8.608241227575743
2000-03-28,-8.727967350222391,-0.9142330536761369,-9.352447245339148,-8.599941879546687
2000-03-29,-9.34224840156181,-1.0110531766502804,-10.243314081520221,-7.664916296356028
2000-03-30,-9.091106669686944,-2.6856638803995234,-12.205994799088012,-6.052956691953055
2000-03-31,-8.587577632633916,-3.1949536709498356,-11.41644093879247,-7.0129393604301695
2000-04-01,-8.145437173514575,-2.450768123916763,-12.998461419552937,-7.775400446197928
2000-04-02,-9.018023183700867,-2.2287987187311824,-14.112406023896192,-7.088430024984409
2000-04-03,-8.433317740568626,-2.8520170275019954,-13.450806834374225,-7.38337875945951
2000-04-04,-6.73134559061406,-3.2262811698442873,-12.005800419110857,-8.055802637866972
2000-04-05,-6.235687886077061,-5.191725576962494,-10.916113947693647,-6.714796388031634
2000-04-06,-7.062230567399172,-5.650496868493972,-10.955441388966381,-6.65940557888357
2000-04-07,-7.093775482693,-6.564176177524088,-11.42624433000187,-5.302623254002405
2000-04-08,-7.905168732262181,-7.265222785655093,-11.367457146523886,-4.82085170149559
2000-04-09,-8.037369453128775,-8.654627038503506,-11.993874355626645,-4.186259148656736
2000-04-10,-7.694343329579206,-8.532054098199929,-12.979163156703862,-4.6590464198598465
2000-04-11,-10.412513785999058,-8.555716011712901,-12.48585935194019,-3.8028030686571546
2000-04-12,-9.533564936113994,-7.489780581919949,-11.442753944544828,-2.7173061685874265
2000-04-13,-9.30114137446671,-6.67558838321755,-12.373784998704712,-2.9029876860271138
2000-04-14,-9.925434102359237,-6.544277133646578,-11.454529827112806,-3.9867105240829632
2000-04-15,-10.621889010169317,-4.810167825089648,-11.578477823970092,-5.305664662663215
2000-04-16,-10.0218274319471,-5.257418517653158,-10.571064466803563,-6.807726286749871
2000-04-17,-10.640998946700934,-4.753411676635107,-11.347183307230775,-6.7777197585009805
2000-04-18,-9.606217702793726,-3.3265645032609825,-10.82899106948977,-7.391251220147416
2000-04-19,-8.280590563468797,-4.590324705960279,-9.756122811307558,-8.505555633595296
2000-04-20,-9.944768546884148,-5.976760371992906,-10.600679105912668,-8.196332689939865
2000-04-21,-9.48934833630481,-6.993517207784416,-11.990103568723226,-11.650102161179197
2000-04-22,-11.056126012441325,-7.574641851036848,-13.412232140160985,-11.913322194140333
2000-04-23,-8.548861479771931,-7.824007667052714,-14.987444805305751,-13.328366394354402
2000-04-24,-8.154364757088343,-9.164777554574416,-13.933998670406915,-13.06354309909151
2000-04-25,-9.410655260466118,-9.717921361281634,-13.851753163767382,-13.740608444717449
2000-04-26,-10.266157698837326,-10.288110598125916,-14.808870304281678,-14.188191703011784
2000-04-27,-11.09913475988208,-9.67467235253719,-14.639659632725797,-14.685541468743793
2000-04-28,-10.862834379270877,-9.862619428646566,-14.89746384694213,-14.717145682679527
2000-04-29,-8.786052685590954,-10.592439233616124,-15.787477483261915,-15.629526534507589
2000-04-30,-6.403251820117916,-10.969467452928852,-14.362342370971875,-17.31090537466499
2000-05-01,-7.027988154901024,-9.985631429027439,-14.446281508707154,-17.826681628975813
2000-05-02,-5.809001528270091,-9.06216841318984,-15.990514803126796,-17.838693764294124
2000-05-03,-4.672627316065046,-8.84559708766335,-16.514593651152577,-17.35350040709879
2000-05-04,-4.6421934486332885,-9.332630244884683,-15.653733661869328,-16.376100021000855
2000-05-05,-5.126262157419821,-8.7845690342801,-14.393685141489607,-15.994634507620187
2000-05-06,-5.33179451557392,-7.758333683336758,-14.346034361847117,-14.82082389063327
2000-05-07,-4.760361274964836,-7.641001311066976,-13.750389506024957,-14.185670141625048
2000-05-08,-3.878676560864164,-7.512401648349753,-12.671865704638286,-15.515388330691582
2000-05-09,-3.9017971401032594,-5.776063272575168,-11.963245048596738,-15.633506160255035
2000-05-10,-1.8041147607838148,-3.9418813703607047,-11.384276184640832,-15.112452186858503
2000-05-11,-1.4752242092933416,-3.1320355408185323,-10.80286082390316,-15.318477456978034
2000-05-12,-1.3482990948257956,-3.139403720631092,-11.203215011860793,-17.007548279114236
2000-05-13,-2.1602109266147944,-0.9064618825360662,-11.516320916575799,-17.09958323292396
2000-05-14,-0.3897145615411093,-1.6043273948836896,-12.904478373917621,-16.264962796592023
2000-05-15,0.7004885284202351,-0.577112093445207,-13.209827476638909,-16.327737675030868
2000-05-16,-0.593217523906949,0.09855197319006448,-15.876063725383567,-15.069872207827373
2000-05-17,-0.06578713320243468,-0.42619376175466084,-15.049897098905625,-15.841190695208473
2000-05-18,0.48839724589979294,-1.6672109839568168,-13.676847360151626,-17.639495453215186
2000-05-19,0.5971309048060204,-0.5984774153706638,-14.175811703604134,-17.215718752133487
2000-05-20,0.015223841030874041,0.3098243396881294,-13.022546132130998,-16.625256897709743
2000-05-21,-0.8505503967329898,-0.5310698482024788,-13.926992474705738,-18.608690330070626
2000-05-22,-1.265235893506798,2.2948077897596324,-13.451451511579755,-17.112984626863216
2000-05-23,-1.1906529643814145,3.269246939764221,-12.53019481506615,-17.440701518487444
2000-05-24,-0.35092178307737343,2.2935068906706935,-12.173877216507927,-18.35116842148445
2000-05-25,-1.3247498803372337,3.1223352996601412,-12.51514310849523,-17.341263164944635
2000-05-26,-1.5386481218636927,5.490074886665037,-12.87789256232769,-17.057553643951934
2000-05-27,0.12415996993813949,6.977448473432049,-13.01408815173858,-19.132783326003956
2000-05-28,0.284937671847334,7.787839834485332,-11.958689818167656,-18.21170500078139
2000-05-29,-1.082794057240758,8.297995148299172,-12.064410239747719,-19.34007478556371
2000-05-30,-0.08564845071329719,7.861924319634122,-11.53418038551953,-19.566996464070947
2000-05-31,-1.3319154507308393,7.8650055528884195,-11.841737999178797,-20.258602145953468
2000-06-01,-1.7843978388711728,6.932731048060443,-9.86741700618526,-19.76700845079715
2000-06-02,-1.5477933995493074,7.005184965341623,-9.719130874896234,-20.131205004055015
2000-06-03,-1.7894845643498523,5.45160848990935,-9.489109090648414,-20.865357472304517
2000-06-04,-0.9004151860196565,6.977236878193579,-6.924859326670676,-22.419633723472337
2000-06-05,-1.0017112959355787,5.444003664780423,-7.337770011689229,-22.69262058422075
2000-06-06,-3.8857296407814363,5.597393028637724,-8.398974455826414,-24.676118674827645
2000-06-07,-4.83057911041723,6.015068928278899,-7.674102030585907,-24.507920199153446
2000-06-08,-3.9034426041003423,7.962800643636337,-8.279412726682596,-21.545857645148818
2000-06-09,-3.1665565492566845,7.706062370793727,-7.585555169981215,-21.370102868882398
2000-06-10,-2.491127336451441,8.207010952645106,-7.763249848401988,-20.39055579471558
2000-06-11,-1.974829343036828,6.845783467138968,-7.897974291441265,-18.849942189546148
2000-06-12,-3.889160479570458,6.606512165907425,-9.498779189790318,-19.64772041822756
2000-06-13,-2.242993355990822,8.147166374420642,-10.143102455771878,-21.238402879216586
2000-06-14,-2.8557227693696943,8.838365999998631,-10.001248341947688,-20.011737482834764
2000-06-15,-5.009561906029469,9.395102246822146,-10.539488965336778,-20.170920798764108
2000-06-16,-4.887938460382172,9.773317150399652,-9.943317531601446,-20.778218973100874
2000-06-17,-3.8670143224827944,8.299855936026532,-10.46572262342829,-20.046159799490926
2000-06-18,-4.2668660678343775,9.393792259559268,-10.827298551122261,-18.202164568593055
2000-06-19,-4.7533814140924475,8.9358314448632,-12.259602996875756,-17.80465663215593
2000-06-20,-4.362945065535349,8.94822245808237,-11.992287001352922,-18.61224209791225
2000-06-21,-4.86528597324886,7.040447079957767,-10.8381967758083,-17.305298264490812
2000-06-22,-5.269063815246407,9.119378570541535,-12.184990890338835,-18.454788115964643
2000-06-23,-5.66452470459118,10.374720979024236,-11.444650994675431,-18.760757252375747
2000-06-24,-6.11393405919915,11.461583517179513,-11.026474274713593,-19.54685334907387
2000-06-25,-6.507561113965047,10.973939762571275,-11.23068436216299,-19.612336267752724
2000-06-26,-6.556479317377155,9.542075244642694,-11.624731671015882,-19.101049598721513
2000-06-27,-7.18405016963135,7.940997933696101,-12.379984265141774,-19.474117420022075
2000-06-28,-6.740203204669991,6.496700990060063,-13.81257381681179,-17.796181866634864
2000-06-29,-4.828980916740679,6.929978649360524,-12.996322551932769,-16.656512167757313
2000-06-30,-5.548803701586895,6.474680958293484,-11.319369176250207,-16.73441893261148
2000-07-01,-4.639306361516073,7.544344177336081,-11.986328224682733,-17.52228918156488
2000-07-02,-5.0962962473603755,6.428602614558182,-12.557963968236495,-16.365327768161844
2000-07-03,-4.940629473865749,5.436349134686912,-11.905548710707764,-15.243739195595214
2000-07-04,-4.64990127014855,5.483794899404671,-12.315553548587923,-14.433085348145267
2000-07-05,-4.255249134669923,4.824954310083584,-14.219731083054914,-15.371770499012888
2000-07-06,-4.274523415017619,4.486130772527347,-13.099369898659074,-16.094645967637643
2000-07-07,-6.029679996140234,3.0528807777751714,-12.70980665839004,-14.693477175052612
2000-07-08,-6.183898650361936,3.7024927431634698,-13.013719645146708,-14.88324191121209
2000-07-09,-6.640884369710362,3.8065427847894635,-11.604240358045818,-14.107282576530244
2000-07-10,-6.168668340625908,5.344732893774406,-11.820181540547084,-14.898840009616771
2000-07-11,-6.485411647617681,5.824383121114401,-12.671716088344967,-15.361821124589547
2000-07-12,-6.335409770176209,4.748904043114983,-11.826994687489652,-15.46184318345387
2000-07-13,-6.156765226716443,4.634115282706672,-10.876340454020427,-16.00466610803849
2000-07-14,-5.369704926925229,6.666458714378879,-10.32328350965089,-16.46749763611994
2000-07-15,-5.36946683675614,7.631674921862146,-10.84310458725083,-17.901415238436936
2000-07-16,-7.58834912112342,8.54574064982139,-9.197026237507513,-18.019109768138534
2000-07-17,-8.090162221023906,8.366426857207726,-7.7626520485824555,-16.396160831993978
2000-07-18,-7.349800339937585,8.81974402920803,-7.055239474369707,-15.929029392164917
2000-07-19,-6.113635698621234,9.8428443092426,-6.628760258738881,-15.952918760649434
2000-07-20,-7.001571577606565,10.298739833814752,-6.874592466132969,-17.42988241103041
2000-07-21,-8.146421282017593,10.30892543346387,-6.756103152365629,-18.00050856427882
2000-07-22,-8.061161705228718,10.280917142482389,-5.250338591664864,-19.83944216923362
2000-07-23,-8.305323999941438,11.131112409218058,-7.682347211443853,-19.807275494649556
2000-07-24,-10.016612809024592,13.014925660417067,-8.821196349244117,-20.786125917140826
2000-07-25,-9.346474938761613,12.294001528570753,-9.937021339216532,-21.127526428732864
2000-07-26,-9.105370719793966,12.205714173617462,-9.174252871750902,-22.143875583128697
2000-07-27,-10.075733286002658,12.23776763094498,-8.959296480328243,-21.60829681941842
2000-07-28,-10.46400949413593,12.05254220823219,-9.423763929403869,-20.76306985994172
2000-07-29,-8.821762584448386,11.865827956488623,-8.707399552070603,-20.350808491887886
2000-07-30,-10.021894043408357,11.949881247402628,-8.624584822883099,-20.137268452584546
2000-07-31,-9.224260903144218,13.433527102934697,-7.742928457789666,-19.388417703463144
2000-08-01,-10.358612267706397,13.128607104981839,-6.964540837448747,-19.223129580664846
2000-08-02,-10.94519004620627,12.559292879859816,-5.016509830311629,-19.63606513357617
2000-08-03,-12.214551207612406,12.381873335799742,-5.971004949599133,-19.794955810813274
2000-08-04,-14.259240660053097,13.429810236375346,-6.837952574846971,-20.212514002558027
2000-08-05,-14.384493171553215,15.43767716064768,-7.19309471296878,-19.839304289973608
2000-08-06,-15.066419587283974,16.276883901365895,-6.4165123006885745,-18.746586287889315
2000-08-07,-15.415907748631161,14.927488733244068,-7.9824557734747925,-17.702315119675664
2000-08-08,-14.913186070205587,14.328626085053504,-9.002788413218171,-17.947076186755563
2000-08-09,-13.876326933472122,15.896307807146911,-8.301479767466327,-18.815956189633763
2000-08-10,-15.02677882014833,16.490036640976328,-8.748679092176108,-20.437760528041323
2000-08-11,-15.668424186583195,15.138943511248186,-8.524215505494187,-20.790620758071906
2000-08-12,-15.291479204897225,15.129035096561031,-5.734643567287048,-21.303935656552184
2000-08-13,-16.72806738676858,14.005361419069418,-6.344579115738147,-20.81638212950031
2000-08-14,-18.16405136371028,13.654520460966307,-7.921664204602536,-21.391615729788107
2000-08-15,-18.291801768637434,14.407546401856859,-8.256593605777134,-22.36470819958099
2000-08-16,-20.156075091833355,14.812563744947198,-7.546245076152431,-20.70339344713711
2000-08-17,-19.328195259539932,14.812606936984501,-6.627637337630343,-21.22541626337635
2000-08-18,-19.737796509114506,14.047532305105502,-6.363938799710313,-19.792201810303734
2000-08-19,-20.62499912502689,14.194718787932157,-6.218757451466568,-20.653817939872006
2000-08-20,-20.561902714001683,14.084673109499471,-7.45375951029225,-20.857934085155428
2000-08-21,-20.390218956609264,13.090259075382697,-9.433446991301302,-20.894209979963108
2000-08-22,-20.59842551630219,12.735230947675747,-8.065678276063984,-19.334759838671857
2000-08-23,-19.649766821839183,12.018332523955936,-7.1529557225140055,-18.53630009473963
2000-08-24,-19.412032158091176,12.908081546146345,-6.705866627730125,-17.424815745684587
2000-08-25,-17.048659226953838,12.573500767338574,-4.988284108774878,-16.506098478864935
2000-08-26,-17.777035482739727,12.89489718901281,-3.901508643444529,-17.819807458148453
2000-08-27,-18.51604569158242,12.806861786573453,-4.123479895471182,-17.591420167487094
2000-08-28,-16.336767142044966,12.59577170074665,-6.257902469755475,-18.759597842952672
2000-08-29,-16.015890980616952,12.726434623300374,-5.487890109629067,-18.59949245534184
2000-08-30,-17.871247391234384,13.57130523152798,-7.4886220358377695,-19.010803868674415
2000-08-31,-17.754904889441306,15.165175012594688,-7.176474581780573,-19.625427985635753
2000-09-01,-17.547438215498392,15.480489306355004,-6.3163553442379,-19.730440914559487
2000-09-02,-16.877356114842474,15.203035802939395,-6.196077073553831,-19.425182732440394
2000-09-03,-16.340608072193934,14.23469657471428,-3.6686494330203803,-20.659351001037447
2000-09-04,-14.94640929907122,14.869463336183527,-3.8268632620313365,-22.19611013204066
2000-09-05,-15.73948763730544,13.809902896292488,-3.3681753727834596,-22.294789806401507
2000-09-06,-14.253202301657147,14.454615392562598,-2.450317329815322,-21.65774018731291
2000-09-07,-13.720988773552062,13.62817514379603,-2.603886601604907,-21.582030622765785
2000-09-08,-13.781354294708349,14.64483676952155,-2.986667485619848,-21.76694372615167
2000-09-09,-12.975188461981858,12.354156566492538,-4.188636342521696,-22.9149827662037
2000-09-10,-13.087074039319923,12.90850423983939,-2.317349725415646,-23.020304773784943
2000-09-11,-13.600252524292484,12.924781393259222,-2.984161124672278,-22.55745795121521
2000-09-12,-11.814715862439938,12.37084600543102,-3.1934477185645607,-24.644644562061863
2000-09-13,-12.357762824139229,11.844528608224202,-1.575652536107012,-24.558351825376064
2000-09-14,-11.617022500858436,12.148117471522763,-1.7899758236443768,-23.552869275880433
2000-09-15,-12.00774151770633,12.077996887213414,-1.9508612774450573,-25.11205922615772
2000-09-16,-12.311260177778363,11.876990867381917,-2.478598718834823,-25.11943672104281
2000-09-17,-12.450021485663786,9.976765421483332,-2.2810374508738462,-25.5586866403926
2000-09-18,-13.142410826904175,11.15266356247687,-3.938824438055482,-26.132178608406065
2000-09-19,-13.211979303307182,11.284210041609805,-5.550094071491362,-27.05846203156719
2000-09-20,-14.216962321514048,12.173089628838756,-4.4321409552969016,-26.573800220649385
2000-09-21,-13.699984045562204,11.950255254926427,-5.067397177470015,-25.358056486357356
2000-09-22,-13.882345407691812,14.213062779683003,-5.930390842383944,-24.5074388405833
2000-09-23,-13.812048671945858,13.68434444557349,-8.675875843831761,-24.033104687335445
2000-09-24,-14.61094163413453,16.981711967537926,-8.159436539579922,-22.39910840419101
2000-09-25,-13.863847307492414,16.769067071570717,-8.686809134295661,-23.809713444929244
2000-09-26,-12.645549500383956,17.38883225447369,-8.158228321406632,-23.928217037874184
2000-09-27,-12.689443668635171,15.963168287100718,-7.333072728682551,-23.149088820766718
2000-09-28,-12.62479916341955,16.492977153396883,-7.099720974804709,-22.908245356121437
2000-09-29,-12.290442724830317,16.723043298365926,-7.910492936689853,-23.12205325371152
2000-09-30,-12.706380736521544,15.82492882964475,-9.283434673799663,-25.454949033669095
2000-10-01,-12.179279753735848,16.997097524370727,-9.115401729364649,-25.54154590707768
2000-10-02,-12.709440972433658,17.098001929414004,-8.244675293111465,-24.66576764941018
2000-10-03,-11.392933309826546,18.213282323076136,-7.202303961722565,-23.691148976775857
2000-10-04,-10.807474250971701,18.827038301513973,-5.926250944019718,-23.49504244111237
2000-10-05,-10.689035683596364,17.988903052012386,-5.119457742349061,-21.938694889719326
2000-10-06,-10.502499748207885,18.713911601091876,-6.058404278452038,-22.036406844802002
2000-10-07,-10.83592963305068,19.062197309141602,-7.272070542852575,-21.556192941681896
2000-10-08,-10.662258560039348,17.95771148475218,-6.535708008101919,-22.527820351549337
2000-10-09,-11.323312189960532,18.25300290653171,-5.272608918497925,-22.650661878313375
2000-10-10,-12.205076515453646,19.181309306549867,-4.521002079363476,-23.494021431181437
2000-10-11,-13.514594204299044,18.38482994167181,-6.062023945759075,-25.182839609803825
2000-10-12,-14.777956299603753,19.490783298248562,-4.913954344078077,-24.415695467740573
2000-10-13,-15.909056105826211,18.441253367545475,-4.901541670097815,-25.370454964082704
2000-10-14,-15.698871358789987,20.823360007290493,-3.2094511928867893,-24.57799885740239
2000-10-15,-17.205867109912806,19.462675532676624,-4.494067406929209,-24.64473832949315
2000-10-16,-17.805198712830425,19.982349038143003,-4.326697074526094,-22.848010996551718
2000-10-17,-17.161861915158052,21.23451680011793,-4.682413094390124,-21.468085537228088
2000-10-18,-17.380932393344416,21.37045150161704,-4.305601758638617,-21.67665333030091
2000-10-19,-18.091211919803904,21.067115124530364,-4.000508274790269,-23.583235621362128
2000-10-20,-17.913216372244122,19.91191526880152,-1.946689483910029,-23.371516865665615
2000-10-21,-17.583940852377793,19.41698484936531,-3.3484110298032017,-22.04755492554056
2000-10-22,-17.060551129892364,19.508159409712654,-2.9019240988175943,-23.74956358982677
2000-10-23,-16.566896417160308,17.54042034009017,-2.5345786762313667,-21.79600740276254
2000-10-24,-14.838112399431793,18.125278640805806,-5.53359418811038,-20.705704877927474
2000-10-25,-15.777903154704303,19.058541966527475,-5.874351574832626,-20.159400023666723
2000-10-26,-16.67321679906062,19.607440264717976,-6.327180553475462,-18.58060439004495
2000-10-27,-15.163767571783977,18.949896894809964,-7.306019078996783,-17.92395042824118
2000-10-28,-15.485143358130346,19.05861386791298,-6.962426978027479,-18.490904726301338
2000-10-29,-14.370167907604708,19.72814159282218,-6.727694858663363,-17.44663586500673
2000-10-30,-12.42880492079649,18.397897770203702,-7.750140524550782,-15.947252483772761
2000-10-31,-13.211977535556438,16.45155642684251,-7.920985264060541,-14.74676692169462
2000-11-01,-13.057398702953112,16.466602457360327,-8.769796776986684,-17.303952689814956
2000-11-02,-11.49561206978695,16.381606533590862,-11.724362176503499,-17.20176791540032
2000-11-03,-12.796035228244188,16.03895408683842,-12.240713221364892,-15.516133839832449
2000-11-04,-14.67360563584452,17.707607153430647,-10.36537284468968,-15.873222530458715
2000-11-05,-13.458571181931607,15.137486444335101,-11.643773118913964,-16.789852354892215
2000-11-06,-12.767704896561414,15.33817934976058,-12.43385541084845,-16.603654420654966
2000-11-07,-13.31295461001891,16.056582464903347,-11.250162134442785,-18.087916634562006
2000-11-08,-12.263254960089805,16.911317759545923,-10.990703491118067,-17.776675391535818
2000-11-09,-12.040769842082014,17.429628506482246,-10.831182743330505,-18.68054722056316
2000-11-10,-12.909201686924252,17.235599021833842,-9.45881169472658,-17.290641170148007
2000-11-11,-11.947490547345387,17.067354255480666,-9.072155199503126,-17.05420419560772
2000-11-12,-11.630875629965926,17.216996146163922,-8.017943344168588,-17.025800406704786
2000-11-13,-12.965575605672845,17.25724272019198,-9.641709037909674,-16.724696854748654
2000-11-14,-14.275950890894283,15.555888717532474,-9.420345446969867,-16.203327239969315
2000-11-15,-13.939532392178585,15.721852410476721,-9.534121749570327,-16.154774866619952
2000-11-16,-15.06467942414735,14.963920406887116,-10.486093544161873,-16.47325640452953
2000-11-17,-15.04356357061429,15.342150802811513,-10.378478969188285,-17.159745589127784
2000-11-18,-15.228421904409302,14.71706066594612,-10.570455988491227,-17.8769353065781
2000-11-19,-16.60915386123778,14.237536320598727,-9.858230970129252,-19.487607371121463
2000-11-20,-15.900933496293394,13.113806775200713,-10.830243328515499,-18.81980324212465
2000-11-21,-16.164869621373207,13.425420938159599,-9.976075019983453,-16.28602081437887
2000-11-22,-14.917888396293367,14.393475463922686,-8.724611252773776,-16.63923081515262
2000-11-23,-13.66759974641399,13.500811003050833,-8.240438624724057,-16.13551511248302
2000-11-24,-12.4780994443076,13.63215396982697,-8.9086403307036,-15.807189056772366
2000-11-25,-12.670384766343167,12.395737733828392,-9.448722398386064,-15.913646425088308
2000-11-26,-11.53747065111238,12.66953555454162,-7.936049577834053,-15.602317372273863
2000-11-27,-13.510955276524122,13.78663753906164,-8.765481423774832,-16.685691123653804
2000-11-28,-11.344946041478927,13.69799487391195,-8.743408482251484,-15.880247748886685
2000-11-29,-11.615336637065086,14.28626164725935,-8.302471285009586,-13.95976764448367
2000-11-30,-11.065822584458047,15.073449581049116,-7.755378525426611,-13.711695597210406
2000-12-01,-10.726845870643869,16.312636831252817,-7.436586137413238,-14.182927356739603
2000-12-02,-11.546065658220776,15.438868240201773,-8.213981872891894,-13.351360969049566
2000-12-03,-11.033619332784255,17.12694294309519,-9.434855876087271,-12.459349708568869
2000-12-04,-13.178594002597844,16.52267461573885,-7.955716255817565,-13.638684321029013
2000-12-05,-12.36559731970949,16.45667400964758,-8.449720030877877,-15.421353345570234
2000-12-06,-13.96034952626257,16.22846987421384,-8.901211028399832,-15.22489027901481
2000-12-07,-15.791380350690767,14.297481447794599,-8.406904432826314,-12.69372328487886
2000-12-08,-14.880944692778918,15.475099473388067,-9.718309755384542,-13.084512490646546
2000-12-09,-15.681735590714476,14.763111756026879,-10.21291226788519,-11.139443940569075
2000-12-10,-16.225350204251008,15.289188678472348,-11.557283506005898,-12.124666026938185
2000-12-11,-17.0691404852427,14.440760773721049,-11.799500154005365,-12.882254314228945
2000-12-12,-18.41428891162099,14.863152413440785,-12.403306161821932,-13.207748253596156
2000-12-13,-18.875557893762483,14.788824195847017,-11.971362619444893,-14.78162238930137
2000-12-14,-17.359996363214513,15.782164013693443,-12.057731349823943,-15.664159323930548
2000-12-15,-17.348995226987793,13.890323763939097,-12.434053925021407,-17.575699618352257
2000-12-16,-16.33238430982074,15.170889268617884,-11.709102292561676,-17.53942614034416
2000-12-17,-15.057665484927023,13.560209008832121,-9.832690151437378,-18.291242752625294
2000-12-18,-17.450616631004408,12.405395402485585,-8.935262063456374,-18.920468292215073
2000-12-19,-15.95884649799493,14.120260490577477,-9.731007617231178,-19.562605195372882
2000-12-20,-16.323220152420713,13.067182720143277,-9.820918057079643,-19.063180053607912
2000-12-21,-15.934003918800723,14.38078932326822,-8.287052806032417,-19.16506722591722
2000-12-22,-16.172228567253967,14.471448989563559,-8.760909080696452,-18.267025551106933
2000-12-23,-15.455946097677986,15.382224621184386,-9.339113194479477,-17.703828288237677
2000-12-24,-14.202687637308033,14.294921844296084,-9.741495482344241,-16.466426683493033
2000-12-25,-13.451180533570337,15.629807868683589,-9.439053788259141,-17.893121244468094
2000-12-26,-15.06020891788504,15.172961045023053,-7.8158365096818105,-16.69713382325819
2000-12-27,-15.066020891297203,15.792148334582249,-6.979046897006891,-15.844002466040767
2000-12-28,-15.373010422574039,15.321238901051194,-7.975912770840508,-14.924034193540738
2000-12-29,-16.53103895657624,16.284137815129014,-9.238013430194085,-14.989873311516527
2000-12-30,-17.39690255654557,14.897269780625681,-8.704488362594192,-14.592775004305983
2000-12-31,-16.916716405397953,15.270059517843626,-9.231540031211159,-15.029716942469584
2001-01-01,-16.415067108951252,14.601796375415763,-9.050156126541063,-15.179777341420747
2001-01-02,-16.087914577421238,15.164755604749864,-9.418203947716126,-15.525234072430203
2001-01-03,-14.747832654105192,16.238977752379352,-8.607253652824197,-13.586865888098114
2001-01-04,-15.502916916351818,16.115124792060612,-7.345342122923835,-11.162678264252445
2001-01-05,-16.65447565673621,17.270697439842376,-6.579188293216988,-11.006798699240512
2001-01-06,-14.78493777344592,17.304176264670787,-7.788581257024663,-12.103598359412594
2001-01-07,-14.781236712540613,17.55039184056185,-8.336059343516746,-12.43635292453637
2001-01-08,-14.739822982746817,17.53606490974619,-8.522197622022643,-12.328816029613632
2001-01-09,-15.592917935120775,18.746764703479393,-7.2737161040030225,-11.916602019509618
2001-01-10,-17.555230303481885,16.171870248521525,-7.26673561319315,-11.2045056758555
2001-01-11,-17.861597627583727,14.404362305869121,-9.103100040143374,-10.201835421082095
2001-01-12,-18.06603637378757,14.484938345698387,-8.38639220673299,-10.246679400410905
2001-01-13,-17.804345245786962,13.337321775447444,-8.050256694594125,-10.749281419799784
2001-01-14,-18.143748015645077,12.050206024766581,-7.967240443428112,-8.520766909166191
2001-01-15,-17.146889251448385,11.222918589703529,-7.873740932954122,-10.123843291041783
2001-01-16,-16.89962198632305,12.235370927656959,-7.055704565790938,-9.120770646939345
2001-01-17,-16.803728146230657,12.045268945118474,-6.36726705626775,-9.400269209749325
2001-01-18,-17.0164290522299,11.728536631055544,-8.478938503070165,-9.34012357993307
2001-01-19,-15.859591741944417,13.097465178486772,-8.436391204279426,-10.130115927335869
2001-01-20,-16.696944837384894,14.528864439183868,-8.153250657738196,-10.15808951981547
2001-01-21,-16.503000217492012,13.772515540325001,-9.840973609906406,-9.94533037675606
2001-01-22,-16.272559013279835,11.990374306988283,-10.168281096667661,-10.543396435382633
2001-01-23,-17.5972578980578,13.298572684817245,-8.407584313579461,-9.538475805739226
2001-01-24,-17.260609408734947,15.290175711209557,-9.216116121935947,-9.147077117875183
2001-01-25,-16.309827097789388,15.463956309069847,-7.408911319223321,-9.781125318797622
2001-01-26,-17.18099311593297,14.832092875781035,-7.197897712747939,-9.939788057155116
2001-01-27,-17.970621704593025,14.810620633567948,-7.2820324989280785,-8.434899435981785
2001-01-28,-16.427936564028943,16.103988355189127,-7.462882162221001,-8.815102380920306
2001-01-29,-16.375246312393283,15.473012828500911,-7.219472110622883,-10.112481428887971
2001-01-30,-15.573466276842112,17.776798607926153,-9.174723640292044,-8.618981199984237
2001-01-31,-13.120657850740118,16.907980080394584,-9.158903435470457,-8.403579773077757
2001-02-01,-12.290494393616303,16.735915010531322,-9.936130173294837,-7.865021910034801
2001-02-02,-10.769330745296347,15.825109916278546,-9.779343671220316,-8.014151438309646
2001-02-03,-10.246029869390075,15.783446365352876,-9.417466786155504,-7.583502324792876
2001-02-04,-11.20692210091195,16.0953506040464,-9.747543572355655,-9.531647368181174
2001-02-05,-11.113087773396575,16.835653655119618,-9.573734697919924,-9.59328329670271
2001-02-06,-10.06173348090803,16.68901291554553,-10.398794259221816,-11.487950878304062
2001-02-07,-9.01561945710548,16.775507574385653,-11.090198799117571,-11.576959489503569
2001-02-08,-11.078234564497476,17.884726343935615,-10.356876700687964,-11.937771407926599
2001-02-09,-10.291492838452736,19.222520791225143,-10.301260747029763,-10.774072016808573
2001-02-10,-10.971812761921687,20.829656640433196,-9.93117012454917,-11.727783403196561
2001-02-11,-12.049761289660829,20.55572646285551,-9.946958111571906,-10.562575654080417
2001-02-12,-12.7682556397633,21.767741823287935,-11.37992317240505,-11.414898149394553
2001-02-13,-11.78052610449161,21.828992660920065,-10.981604046338234,-11.255327731514493
2001-02-14,-11.68222215889726,21.868674205876967,-11.42949123440681,-10.10971308347536
2001-02-15,-11.819054737790497,22.998276715637864,-12.293720978092482,-9.599293019009378
2001-02-16,-12.342206832218478,23.437570291420016,-12.409933932653864,-9.064851307744158
2001-02-17,-12.67928290241478,25.063120776454934,-10.120489482900691,-9.571145375233643
2001-02-18,-13.680124250810222,27.03256901616013,-11.420868687287728,-9.503964240291221
2001-02-19,-13.16551777438269,26.077251597300606,-10.971201918524164,-8.604920530113324
2001-02-20,-12.870998261162441,26.611702879232922,-11.33114486362808,-9.393938166324611
2001-02-21,-12.525920702323434,25.429785454142234,-11.189303737554914,-9.827793017777859
2001-02-22,-12.41126055611064,25.525487100089457,-10.504911634512666,-10.174849090831177
2001-02-23,-14.185204948828275,26.06945187824641,-10.840496435594737,-9.404722993828766
2001-02-24,-14.988662564528203,25.389036271603096,-12.420546552743556,-9.048859817139071
2001-02-25,-14.265090378278815,23.730092906976356,-13.238722408002674,-8.370179090614887
2001-02-26,-15.006918058532943,22.747615312643713,-13.073444314538023,-9.363034977279547
2001-02-27,-15.56045916450019,21.12226582668014,-13.016192064275513,-7.962159777908089
2001-02-28,-15.398520736259869,21.49993875308472,-13.041803020388604,-6.3024215784030435
2001-03-01,-15.946699459665002,22.138487918802543,-13.340941329661405,-7.802537787720579
2001-03-02,-16.81302652018559,21.91966259947195,-14.224962627685978,-6.949931887578337
2001-03-03,-17.79053287003934,21.16624992809109,-13.751771233706762,-5.517129730433758
2001-03-04,-19.57649358436199,20.634121560002598,-12.99022591288917,-5.453035796822296
2001-03-05,-20.25392678070266,20.526419069219255,-13.150224955304399,-6.8090882826838595
2001-03-06,-20.450792938237996,20.580731065050045,-12.590959650503532,-7.13288506106581
2001-03-07,-21.214887132975218,19.766099424763574,-11.65237740783944,-6.479640856219528
2001-03-08,-19.661558552228684,20.314466788965625,-12.49617496089074,-6.0043698875542155
2001-03-09,-17.394936080649092,19.76171054124739,-13.057544458323838,-4.855693440809563
2001-03-10,-17.924643353884143,18.622713660847683,-13.39017927193701,-7.003444765735425
2001-03-11,-17.099221910378635,18.25040525272515,-12.174399891394195,-6.8300163206418745
2001-03-12,-18.391288777464787,19.191876466871125,-10.464825971226459,-7.608209487636903
2001-03-13,-18.054913364786014,19.176301339352474,-10.04701790257913,-8.86291536345583
2001-03-14,-17.598882245611417,19.83623725447668,-10.877372757207617,-9.591941901386294
2001-03-15,-17.707674056327885,20.73464131087614,-10.176758017152272,-8.566771155641018
2001-03-16,-17.94725157478587,19.94536386703371,-11.250974744179215,-9.630574435587686
2001-03-17,-16.049532754115607,21.83224645271363,-10.376873123277056,-10.606434382291775
2001-03-18,-16.45674513236118,21.696102717147124,-8.66600595285417,-10.494464723862825
2001-03-19,-16.416247659784865,22.16557390772477,-7.894233937482868,-13.451313014695044
2001-03-20,-18.16758673210213,21.376407125128633,-9.10821183369269,-13.113477730303373
2001-03-21,-17.15269833326756,21.221752598178153,-9.371172420026289,-13.012747775228894
2001-03-22,-17.8985969343355,23.013877084728687,-8.776249321118275,-13.07169483651717
2001-03-23,-16.94538079345751,23.07069232519461,-10.255463686415935,-13.500706310706834
2001-03-24,-18.643261106829428,24.29994682223761,-11.021339896448444,-13.64906362849747
2001-03-25,-18.055409615103713,22.380511075946526,-11.27632738189916,-12.659620367252534
2001-03-26,-17.822893540377912,22.59445563557344,-11.312773544550804,-13.581950599665866
2001-03-27,-19.22521570848015,23.07904621154144,-12.867116202282865,-12.654517736832066
2001-03-28,-19.72905712133885,23.350086572218054,-13.091344015282743,-12.497724943191281
2001-03-29,-19.602530904251633,23.199427132683386,-12.290413025296388,-11.987610670305715
2001-03-30,-22.445956029675667,24.09504985921876,-13.119796292714744,-13.314366893321973
2001-03-31,-22.194025139435027,24.455052298073934,-14.22905898569159,-13.051619941389907
2001-04-01,-21.600801487586054,24.24712601836692,-13.90808599738934,-12.225025152142868
2001-04-02,-21.487065013839377,23.923624379757104,-12.903047495236827,-10.817041449352825
2001-04-03,-20.007425185162,25.691528647739815,-12.856766348728486,-11.759769381137115
2001-04-04,-19.349521635393604,24.367332688870746,-13.436745067556823,-11.691812452051975
2001-04-05,-19.672918139526136,24.92258437815599,-13.847545584774688,-13.705606627939535
2001-04-06,-20.216613682127917,24.119416963240937,-12.05405163795901,-12.60708948341372
2001-04-07,-20.1474670540214,24.006384910770016,-9.976609298626915,-10.476304433963438
2001-04-08,-18.419816856915624,24.44853366445843,-8.136158742876436,-9.017426041288836
2001-04-09,-16.788797748237553,22.851992026782362,-7.0606531756333,-8.675740613082201
2001-04-10,-17.368221372704195,23.77678300074609,-6.224674130887331,-9.108436130634884
2001-04-11,-16.68873806537818,24.3230057906106,-4.979831679696868,-10.43182796497412
2001-04-12,-17.528837272911563,23.848775999607945,-2.551325826225015,-9.90392248200428
2001-04-13,-18.356389053466017,24.429596731765862,-2.512013818201889,-10.611180570836085
2001-04-14,-19.21628297439765,24.666143752563606,-1.3807557501818115,-8.244467332975542
2001-04-15,-18.562827169587912,23.55780134366221,-2.0311501230004416,-9.756635956933295
2001-04-16,-17.53350689465895,23.888547880474082,-3.0674717951097534,-10.154409582556115
2001-04-17,-17.132479083503608,23.031459919318053,-3.277647796957812,-9.534252128546079
2001-04-18,-18.038755655164294,22.26809044456487,-2.940061570949843,-9.807301629668837
2001-04-19,-17.678466201767765,21.368424695357387,-3.233338941330623,-11.777083844273134
2001-04-20,-19.615302382057237,22.39510604334563,-1.2046984370600002,-10.961227131835049
2001-04-21,-19.93713450795381,21.673923346939567,-0.9630010825673571,-11.130684315652974
2001-04-22,-19.951095399739902,20.39120052228248,-1.9744784333432173,-11.630311814005905
2001-04-23,-21.13503728688572,20.26971395916818,-1.979775515802182,-10.518152007463607
2001-04-24,-21.274152091950175,21.38220889235867,-2.423306667209349,-12.766192270487863
2001-04-25,-20.352819839900153,21.739355599453063,-3.2753309641722415,-13.420340004884709
2001-04-26,-21.427383321643422,21.727745941605598,-2.7364276793243407,-15.961495722931815
2001-04-27,-22.592897945554178,23.33456326603352,-3.275611025364089,-14.32985472711345
2001-04-28,-25.085815333441083,23.613797411805546,-3.0016782922893164,-15.314543888498358
2001-04-29,-24.97028450754186,23.75187467050265,-4.213669257965938,-15.871128369297786
2001-04-30,-24.987330473398014,25.190707966696596,-5.694139837904403,-14.586725051790236
2001-05-01,-25.670091817608686,26.56510071941876,-5.587701404842853,-14.318238274447312
2001-05-02,-25.926402282071603,25.960592880394692,-6.459291218465482,-15.943371991044659
2001-05-03,-25.46392692990961,27.319422372992904,-4.890715029678556,-15.630805657126418
2001-05-04,-26.281968270190944,28.108692903930223,-4.650674120332305,-16.129326214547195
2001-05-05,-27.06667217454087,28.00399254210939,-4.167434442182075,-16.33435610997129
2001-05-06,-28.54136171305786,27.70688532018526,-4.33070642968556,-15.502693584247691
2001-05-07,-29.19869973070529,27.585842587043437,-4.724753522181005,-15.98952412308055
2001-05-08,-28.388417433684754,26.899563192818686,-4.551282711541216,-15.046957358908696
2001-05-09,-28.65947445463678,26.95629195450192,-5.286362452542944,-14.95642029020019
2001-05-10,-27.324503784236548,28.027728678124785,-5.843993576162491,-15.664293982005395
2001-05-11,-27.619931027205702,26.81644384483549,-4.614551356604141,-17.465701153729306
2001-05-12,-26.690882098549356,26.848968617193098,-5.238884454856652,-15.087224938089435
2001-05-13,-28.132362794022296,27.314797437469412,-5.2980284062846,-14.597988685918391
2001-05-14,-28.49281333448218,25.25859825887171,-5.634417225708045,-13.495160735545086
2001-05-15,-27.73319105558385,25.222063100612154,-5.981464390792852,-13.40802026179321
2001-05-16,-27.85673128887031,25.865233107121135,-8.670086373819794,-14.089894959699105
2001-05-17,-29.386631021965737,27.067341025016866,-9.258707610422647,-15.622725421059503
2001-05-18,-30.203167868049615,25.183885104834996,-8.114534115255818,-16.894878191543842
2001-05-19,-31.77971361072065,25.041808536909013,-7.792712670473216,-18.952140545404013
2001-05-20,-32.339118918182365,26.626291538863143,-6.6968011926277216,-17.829920734329615
2001-05-21,-31.09354609907648,26.113494635999036,-6.6356492800655476,-18.6165839169183
2001-05-22,-31.35067124811358,26.041658044969036,-7.264200772592701,-16.341659158200684
2001-05-23,-31.805544967874116,24.67710583873679,-6.542578966358654,-16.62873634087231
2001-05-24,-31.567859357297323,26.240389700155124,-7.4987595151561095,-18.18954025178762
2001-05-25,-30.57739646689332,26.45391981060072,-6.397801877803197,-18.199702037254312
2001-05-26,-30.278113482439757,26.412353214885794,-5.534412866162424,-18.338194693490834
2001-05-27,-31.081153308412112,26.476700914432136,-4.950245123387743,-17.80372824788143
2001-05-28,-29.690345116035562,26.46969286112811,-5.404448421292622,-18.33767610717535
2001-05-29,-28.218116651964998,26.325720924094128,-7.047353460624001,-18.024613796347175
2001-05-30,-28.341786503732802,26.313889865857806,-6.4458418966668205,-17.630450898772207
2001-05-31,-27.499915057818473,26.131055641821494,-5.803270630399187,-17.366723702221286
2001-06-01,-26.73362370316517,25.740065884097902,-5.32140673674501,-16.958723814705774
2001-06-02,-26.1476993330375,24.462974030103144,-4.216028769261116,-16.380628697069607
2001-06-03,-25.8518857670678,24.555272963843905,-1.3386450671994865,-16.039257948379834
2001-06-04,-25.79155776690625,23.650286806928097,-1.8935302582576252,-17.15893100664123
2001-06-05,-26.561824041184074,24.075319843456224,-1.3999533643163589,-17.3529251891064
2001-06-06,-25.96950863389914,24.581042578828036,-2.457056133123463,-18.127554507287716
2001-06-07,-25.055061910060132,24.256423601129608,-1.2512773668711692,-18.845701488131024
2001-06-08,-24.605485344807803,24.495249135569107,-2.122459935580537,-17.941173702557787
2001-06-09,-26.17079791064309,24.535527081270963,-0.7735817482265903,-16.661554593290322
2001-06-10,-26.245616799657913,24.797121726814684,-1.9114984386105098,-16.79678206735117
2001-06-11,-25.0131931697958,25.25029197461607,-0.7247140419963296,-16.811782732235258
2001-06-12,-26.010824670730777,25.092293683092496,2.4417802346423176,-14.775849226934524
2001-06-13,-24.833929399438244,24.7629298643602,3.839041578264746,-14.911671725282448
2001-06-14,-24.96102815633099,27.068713260568025,3.7104910382931737,-16.316961823134736
2001-06-15,-24.156956191525868,26.230231237257705,2.795352961314415,-17.885807326689637
2001-06-16,-23.932225367041823,23.951954095474477,3.3290162324161847,-17.76507701528213
2001-06-17,-23.869721770148796,23.857629271356767,1.2336466109097795,-17.699744985167317
2001-06-18,-21.531311437438436,23.666914569606742,1.7270542526639212,-17.139558804163947
2001-06-19,-22.496367630539556,23.883816027202972,1.8154299412947743,-18.561605536069926
2001-06-20,-22.39673535243739,24.61611948324115,1.7657556426492491,-19.107018634630244
2001-06-21,-22.51776767475681,24.379659286798795,0.45467036027753704,-18.510115989891357
2001-06-22,-21.798952853309206,25.003168144845294,2.4071450120392726,-18.66021827915425
2001-06-23,-21.254498032848723,26.248610151196388,2.790169159769302,-20.08397372762374
2001-06-24,-21.07464206809062,26.706305382585388,2.953920087833139,-20.909567611460012
2001-06-25,-22.29335810134849,23.51327697806515,3.5141205694385005,-21.01796929181859
2001-06-26,-24.023610640228817,24.046374528604808,3.5045582628705585,-21.163694370968766
2001-06-27,-24.903919108631925,24.141346751799162,3.8766224358816643,-22.544818839210237
2001-06-28,-24.82812012360485,24.334014827802307,3.949123903924878,-22.000701963037773
2001-06-29,-25.571858519263134,23.65824506318113,5.1279572095936246,-20.077317740619883
2001-06-30,-25.68503617781691,22.461302607849056,4.996554709003672,-21.201853347641702
2001-07-01,-23.64196540721889,23.422440944542693,5.110970807154292,-22.128732502694962
2001-07-02,-24.7478055566913,22.7572059347417,5.153539499409754,-20.352288397488618
2001-07-03,-24.68022443578712,21.30707748416329,4.951897879936422,-20.464964923737615
2001-07-04,-25.696623467387894,21.876467651849172,5.661726605025942,-19.995859759028363
2001-07-05,-25.18975117166628,21.957813505062212,5.691917283169774,-18.106808338859917
2001-07-06,-24.408612883821974,21.29260548903275,5.1279938529514695,-17.812269039165734
2001-07-07,-24.304175538082795,22.498242244833722,7.193371494561943,-17.534531249736624
2001-07-08,-24.236719748607072,22.66193763772906,8.937671305304399,-16.48589817833375
2001-07-09,-24.94857282825162,23.085622785527814,8.737543861576768,-16.15168409629821
2001-07-10,-25.61002857772178,23.736833781500145,11.159625317197037,-16.534636050777458
2001-07-11,-25.348984241506702,24.626260364613024,11.625012777032454,-16.580219528356142
2001-07-12,-26.903374670185737,22.91913341350117,11.829631574690934,-16.82090918185532
2001-07-13,-27.364229249656923,21.878910735715824,13.004821855543206,-17.756899148003367
2001-07-14,-26.23439493821812,22.650840547005284,14.545803470396597,-19.03215996590553
2001-07-15,-25.592720491642563,24.373328613851236,13.660399021421059,-19.872966880237932
2001-07-16,-26.84202284682401,23.57597651205379,14.419367591296389,-20.49610323553221
2001-07-17,-27.552997407268098,23.939328988979923,13.87842917734653,-19.595962208306297
2001-07-18,-25.992081054252935,22.739688218169768,13.169838064410927,-18.95595032043828
2001-07-19,-25.914851446923834,23.353122215529826,13.24308219925089,-19.913049666635597
2001-07-20,-27.35962082834955,21.357825557529274,12.93733538063797,-20.111941029402296
2001-07-21,-27.906137823054024,23.678371753221597,12.932007789154373,-19.974149793503873
2001-07-22,-28.166892855527507,25.04011761665772,14.64084285115712,-19.171948599539576
2001-07-23,-27.409455452002877,24.498592115414496,13.560116795075112,-19.22802137748851
2001-07-24,-26.95591441994,24.27506304883739,13.560510056761341,-20.454096330789692
2001-07-25,-26.415842167746856,24.506968909421147,15.054795076105055,-21.3674064451905
2001-07-26,-26.67089604058917,23.788641523599196,15.783877192997716,-19.65917800723831
2001-07-27,-26.939421220761357,24.195392206080918,14.298363457021711,-19.599952512162393
2001-07-28,-26.22958506553956,26.140383818832625,12.408710183774332,-18.9264424093854
2001-07-29,-26.540501751554345,25.426004881833443,11.443199837668484,-19.796509981798714
2001-07-30,-28.252160804720397,25.406087476576797,11.469320178527187,-20.678707501918044
2001-07-31,-25.619135445118463,25.881150893367515,11.994858811542938,-19.897578996944645
2001-08-01,-26.161855060553638,25.98488569316001,11.177590912063078,-17.44610424409371
2001-08-02,-27.229258661763087,25.79175474800464,10.690595724575283,-16.142461326556923
2001-08-03,-26.38636674450396,26.512760206795384,10.883957583806705,-16.378530621817827
2001-08-04,-26.410786882186798,27.239774675945178,10.748487641471376,-14.843117560331692
2001-08-05,-25.87851974117365,26.03267587175896,11.58569273580958,-15.370932434748745
2001-08-06,-26.215608582796502,25.11937911558359,12.039506472424238,-15.552871006178714
2001-08-07,-27.524768534517644,25.211196522738003,12.128672232945057,-15.246136857851635
2001-08-08,-27.771411643169092,23.005880623264837,11.756032360664179,-14.030197701705323
2001-08-09,-27.07251273800251,24.06857297094924,10.97816537944947,-14.40052089059906
2001-08-10,-27.424948791312804,23.99008793435465,10.072266536357576,-14.582597650628996
2001-08-11,-26.801759498161687,24.280847780485143,11.367770410357325,-14.551548833217176
2001-08-12,-27.40586106581888,24.346503070002584,11.263299624327088,-14.625237401744116
2001-08-13,-27.644596619799316,24.42515265772658,10.04298394813397,-14.462122184537453
2001-08-14,-26.95412962217199,24.487246956547835,10.198703036321998,-14.532155152332379
2001-08-15,-27.18775721958163,24.37768472112456,10.023779416312221,-13.585754212601728
2001-08-16,-28.065488516721675,24.70156377354684,9.729318102363312,-12.962809516035954
2001-08-17,-29.223782395762324,23.642662706341667,9.802403774353412,-12.511953979899962
2001-08-18,-29.78605993659151,22.71986963276486,8.830475406198024,-11.37402061658711
2001-08-19,-29.249080254957327,22.091535382064922,9.155613089680717,-9.67102301008493
2001-08-20,-30.511519850133766,21.663762390825763,6.498185382406124,-10.988356204604386
2001-08-21,-31.218529132535384,20.619789317101734,5.4734111226166355,-10.658565456396838
2001-08-22,-29.6068608009836,21.692975401172216,4.423594997522528,-12.160987292114351
2001-08-23,-28.825619858480245,20.000899099740682,5.118872339173843,-12.574352825878856
2001-08-24,-28.329473587906683,19.985748674519236,7.868179894665815,-12.628281931313301
2001-08-25,-28.68243806712438,21.7050006785753,7.349272619225118,-11.784758274640236
2001-08-26,-28.27393519466483,20.086347302155254,6.325352619280711,-11.643316169748777
2001-08-27,-28.5476007153007,19.52104817428214,5.456966872892078,-11.946342169717996
2001-08-28,-28.80336454057651,20.593321422710464,5.155000840019949,-11.90933906851333
2001-08-29,-29.306606161016038,22.83904509477614,3.4333656102678374,-12.257405082409756
2001-08-30,-26.898634106274347,22.156363403529937,3.99732148791623,-12.37569990306831
2001-08-31,-28.79012203272276,22.1551541465392,3.361129811489334,-13.402802801057632
2001-09-01,-30.560275387073148,23.16822299610818,1.8290966920857166,-14.978147821739155
2001-09-02,-30.56330915905291,23.824442039796228,1.1977476861023821,-14.531848242791408
2001-09-03,-29.616070034875094,23.9015201069277,0.12160993453014113,-14.483677611750652
2001-09-04,-29.692442125353175,24.61247732532545,0.19812787637410623,-12.951168329501431
2001-09-05,-29.021771290177647,25.89876956929067,0.6769815365569212,-11.516760935041187
2001-09-06,-28.98055293677528,25.32325816417989,0.10259061152417881,-13.061931297613382
2001-09-07,-30.62226581431105,24.598792106396935,-0.866126875084659,-13.98268726037608
2001-09-08,-30.743774631140223,24.166106523821586,-1.0454332945971085,-14.24225897917909
2001-09-09,-30.848241792678543,23.675395682111866,-2.818654936156391,-13.573589427358415
2001-09-10,-31.228464454200157,22.660260673927493,-2.0196062757577096,-13.316810247265494
2001-09-11,-31.85595655775515,24.492103827365256,-2.2965543768792855,-13.982467866583509
2001-09-12,-35.09302342178195,24.287680913036,-3.746449388565671,-11.93688266797035
2001-09-13,-34.31393220624091,24.527714492712914,-4.42750681796285,-11.340512522633269
2001-09-14,-34.45757874447171,24.361300859140336,-3.192152490864091,-9.843412580972846
2001-09-15,-35.828528502369196,25.142559610436237,-3.4878695450516055,-11.368126410063436
2001-09-16,-34.35245587514128,24.869809840885463,-1.72438235784149,-13.29439762055205
2001-09-17,-33.762047331690255,26.01890095448677,-1.451139611364616,-15.824942656903687
2001-09-18,-33.53442861271117,26.24114713437293,0.016510722571133396,-16.393564331045503
2001-09-19,-31.13944892785847,26.14893193084741,1.426953115779003,-17.02605391309585
2001-09-20,-31.515000681824816,27.562255788050432,0.8794822829814599,-16.590266110181556
2001-09-21,-30.98698033965517,28.759318126433264,-0.022566978601219922,-16.208234868318378
2001-09-22,-30.559305221491506,30.367407512374143,0.35796437034815165,-15.09210963728316
2001-09-23,-32.442635047537955,29.97118175452405,-0.7848231058987012,-14.708653792846096
2001-09-24,-32.043086208978664,28.829978050084268,-1.118567911669846,-13.446403176077055
2001-09-25,-31.383320528617723,28.911226339915306,-0.4770232581970586,-13.629170040078325
2001-09-26,-31.52449532411134,29.390964961289285,1.7940383812800775,-13.586275299009904
2001-09-27,-31.324104404973344,29.963849792344853,2.5098393379116284,-13.360678701061035
2001-09-28,-31.841371123455282,29.503506912984314,2.2907786315572,-13.934752445064017
2001-09-29,-31.692377225172773,31.727429730044022,2.6965801150778854,-11.936628789514623
2001-09-30,-30.425712248790383,30.355440184136196,1.3488011173178518,-11.859527972327607
2001-10-01,-30.549563399732563,30.29776920185005,1.2715242788396561,-12.744602032991365
2001-10-02,-30.35326042917391,31.868158192118024,1.9738583484775205,-11.274427512982133
2001-10-03,-29.992513615299146,32.325711297394605,1.1367743204310907,-11.35786464905466
2001-10-04,-28.87090744447641,31.91547917288812,1.1589642710960653,-12.396755765446237
2001-10-05,-28.417989304339148,31.81788340559255,-0.6126705291881891,-13.670557861280958
2001-10-06,-29.091154926656696,32.51735623784832,-0.5190275936950196,-15.240623736653676
2001-10-07,-28.668741405831447,32.359229723577265,-0.6241396780379703,-15.08790456797262
2001-10-08,-28.215892335678575,32.880293144228624,-2.528829983280575,-15.671840650557908
2001-10-09,-27.2320454958559,34.065839515125326,-1.8702299215368268,-15.114561799239205
2001-10-10,-27.730687702568297,34.5713482722784,-3.103228318965365,-15.721903493351162
2001-10-11,-27.838369331980438,35.419817591118175,-3.095632243125158,-15.897103544992243
2001-10-12,-27.606364502117966,35.692437732038755,-1.8752670652973424,-15.999784777628971
2001-10-13,-26.852261824614295,35.972368917833336,-2.832487429072209,-15.042627988380401
2001-10-14,-25.615352503307996,36.379857848492264,-3.172552852627068,-14.454188363564036
2001-10-15,-28.28977112882878,35.55445164972648,-2.9235622714870524,-14.488052820269628
2001-10-16,-29.375280471249162,35.2024398032035,-2.3820577723643535,-13.442781005581743
2001-10-17,-30.436565158660503,34.70048407184941,-1.3964936612869208,-15.159038559697585
2001-10-18,-31.887386983910975,34.91619927741921,-0.8127129212422396,-14.140570818095409
2001-10-19,-30.447068842416435,35.66458917404289,-2.0279999890066915,-15.679141649178339
2001-10-20,-28.180372009210537,34.50025507878828,0.09229463832866669,-17.259333597806737
2001-10-21,-27.619100268244505,32.8277776231881,0.39388023938885586,-17.49086073026698
2001-10-22,-26.257037788852088,33.88934549070444,1.2907172663787945,-17.14256205960646
2001-10-23,-27.306465438925805,33.32238784937897,1.535229327188747,-17.67905116927419
2001-10-24,-28.036739635344187,33.45428257243018,1.5534090070719586,-17.105451880616812
2001-10-25,-27.506696714371486,35.22324587574869,3.7915754515294386,-18.905217092324577
2001-10-26,-26.319755132171263,34.499362043030835,2.152609633995266,-18.42002135895923
2001-10-27,-25.369827256948252,34.313890368979116,2.9324704945254534,-16.131435117042283
2001-10-28,-26.4231534085889,35.91544309532049,1.7389833044445573,-16.672502639031343
2001-10-29,-25.744999177660112,37.168329089858716,1.3396285270496548,-15.680843824861553
2001-10-30,-25.255619748209885,37.54889080612796,1.3753396037395762,-16.036344472365364
2001-10-31,-24.946421698057854,35.62376427987008,1.3537017417560264,-16.281323542170554
2001-11-01,-23.978557904453563,34.48944503869901,0.28290448776123345,-13.635169407590773
2001-11-02,-21.667738574261488,35.13031138818096,-0.5905709495934925,-12.010956664935815
2001-11-03,-23.21153088689761,34.48484073070032,-0.029416680877830892,-11.851114904654976
2001-11-04,-24.291238288524205,33.89688242658289,-2.2727640050464664,-9.473430831534937
2001-11-05,-23.006513598810436,34.281303445275256,-0.5860146496591669,-8.931646693148926
2001-11-06,-21.630422084144595,33.74509009369633,0.46732444033618425,-9.26977430161083
2001-11-07,-22.800102082641214,34.510662030190524,0.18873796539493498,-11.20708184820706
2001-11-08,-23.622968085397666,34.55807873572687,1.1900115985367716,-12.308167997634564
2001-11-09,-22.10818477014284,34.30445982881384,1.7165760918785637,-12.593569015445423
2001-11-10,-20.598345264821727,35.957921875259856,1.368046517422532,-11.622792406613732
2001-11-11,-21.296913273555575,34.78215703909924,1.423217916886076,-10.856593188931363
2001-11-12,-20.64833233869838,36.76654765825699,1.209802412955869,-10.799325517453838
2001-11-13,-20.768936975287886,35.84483047033605,1.0076672970227283,-10.789082969815517
2001-11-14,-21.38855803433611,34.16701441966907,1.9165794253756205,-10.644991999798021
2001-11-15,-21.06404370673562,34.23031134804144,3.2455551374094553,-11.60499410252843
2001-11-16,-21.99753086285808,32.62434176024043,4.428204702272461,-11.33232198101243
2001-11-17,-22.11775838953352,31.69138096445083,3.9582200433076817,-12.515388998850206
2001-11-18,-22.66986958195394,32.46922153807699,2.7698973719878,-13.257593602811568
2001-11-19,-21.31026272567617,31.53500401532412,2.170219271841902,-12.774769016994089
2001-11-20,-22.7533869184808,31.54244150815291,2.0576272300894884,-13.796662044579865
2001-11-21,-24.691289369898932,31.1724101308918,1.550580679035635,-14.111575673248199
2001-11-22,-24.745823150156482,30.52128013603093,1.5490915150764193,-13.669680541303524
2001-11-23,-23.456579254565177,30.33698261365106,0.620563486183405,-13.711999359607404
2001-11-24,-23.59455156369299,29.12538165536292,1.6349427279374287,-11.294887265604162
2001-11-25,-23.047750685506927,30.537334571393107,1.2813847810177512,-10.608737302560645
2001-11-26,-22.710925526012105,30.777549741655527,1.817140395012953,-11.2290846478124
2001-11-27,-23.611096327698654,30.57917096933249,2.407305555685102,-12.481930807291013
2001-11-28,-24.4370069672476,30.908728766341074,1.5492701869318495,-12.186861500520264
2001-11-29,-24.738895304848587,32.349744240792546,-0.08265385987060547,-10.68248973365944
2001-11-30,-26.10027998784629,32.406656452255056,-0.8190253955500922,-9.680950090096273
2001-12-01,-26.349453753412792,32.89932261886334,-0.9247243708693006,-9.532942236047521
2001-12-02,-27.082928569539035,32.66091417826774,-0.13561734816133308,-7.873221743092743
2001-12-03,-27.431815652986458,33.554811907129505,-1.0612747436840793,-7.333130841259765
2001-12-04,-29.320703583866543,33.39843748812581,-0.6094900694962595,-7.05801970970312
2001-12-05,-30.80226727331148,34.32982924169323,-1.8827058000585015,-6.802779533167171
2001-12-06,-31.259498196965446,32.99962203668578,-1.5410844669229993,-4.78680606891394
2001-12-07,-30.6020448207199,32.840477187191844,-2.2957291185656947,-5.86733351359681
2001-12-08,-30.179957810411004,31.041000190293804,-4.164680305999784,-6.140681051440833
2001-12-09,-30.261049845553146,30.129424162395424,-4.48997058921734,-5.040438170146609
2001-12-10,-29.36186648388808,29.966114189302303,-3.9192869928024154,-4.599342136097393
2001-12-11,-29.529104982840355,28.990105850701667,-3.7756519528721157,-5.207094712012827
2001-12-12,-28.36056582634968,28.494177099284432,-3.231429121191945,-7.4613401444455185
2001-12-13,-27.100985292798093,27.341846493924578,-2.714427957201916,-6.30270775108909
2001-12-14,-26.831970529704588,29.196424568105055,-3.259701215625185,-3.069360297717152
2001-12-15,-25.68062156207697,30.444505853774835,-2.6943554497772393,-2.5927701820595708
2001-12-16,-25.91017852032495,31.59635162779422,-3.0745272867592472,-3.3686711041904434
2001-12-17,-25.50005057192813,31.151411487427602,-3.920167696073618,-3.5603920126966835
2001-12-18,-22.315492233878604,30.50348966890888,-3.3244259717890747,-2.1159306680098133
2001-12-19,-22.15295205737191,28.675181803470316,-2.24482563840524,-2.9960630042879264
2001-12-20,-23.36800069615316,27.873512405741792,-4.55840995803939,-3.1569023830665923
2001-12-21,-22.60582251592805,27.853163517803456,-5.380691791171099,-3.3403494616417118
2001-12-22,-24.683901777798912,28.253905519843343,-6.297786256645644,-3.600815615355021
2001-12-23,-24.470399222048705,27.46319881716008,-5.47884796304455,-2.650807242096258
2001-12-24,-25.378431097361762,29.048271074097322,-5.237779262178099,-2.791188247841537
2001-12-25,-24.66011400734672,27.078349646899166,-5.707195407112094,-0.9748723226798823
2001-12-26,-25.943534369819666,27.87980073047351,-5.973013960994149,0.3904604752669174
2001-12-27,-24.586729287684946,28.68761533820719,-5.902093433412414,0.9319350314062512
2001-12-28,-23.209595163254356,28.89748588407002,-5.3602411281885205,2.629169177819029
2001-12-29,-24.29672892626511,29.128388264515653,-4.9190415731227946,1.4206897589164167
2001-12-30,-24.34662949275836,27.975059741697656,-4.5616355857141775,1.9301275772403104
2001-12-31,-23.662146868491607,25.11867693094404,-4.328282233926008,3.3991217825800337
2002-01-01,-23.597798330616893,25.092091704091466,-5.712231589846061,4.088275366265271
2002-01-02,-25.44510232656411,24.121598446903132,-4.617680118196102,3.656400779983
2002-01-03,-25.130001735032558,24.187081781757453,-5.638075222723022,2.8362996992043734
2002-01-04,-25.542739258072363,24.36672073332854,-4.426472612020774,2.574342933256286
2002-01-05,-25.657883698510005,25.5816610327174,-3.6533223181641095,0.32236983205103753
2002-01-06,-25.313795648154564,27.03767507744258,-4.121921534808629,-0.24200748953296736
2002-01-07,-25.14337386536226,28.272874182065262,-4.050126506566092,0.18289739907032954
2002-01-08,-26.199142883582603,27.976597170047516,-4.7977086396079445,0.13169061312571534
2002-01-09,-28.46300893873521,29.73012453661983,-4.6994468591401555,-0.8753622668434007
2002-01-10,-28.43645988517058,30.59611594426759,-5.8614210985589414,-1.4402050332079985
2002-01-11,-27.387677507481246,31.8125246383484,-5.133320982835426,-3.121169551882123
2002-01-12,-26.242746191982373,31.30630917231211,-4.990058856260343,-4.091965856795493
2002-01-13,-26.104493084397244,28.92899007329306,-3.712819672840677,-4.8251493627735815
2002-01-14,-26.92418887461944,27.2576906702597,-3.646339859143612,-5.452304261407147
2002-01-15,-26.980184801791584,27.729684689651293,-3.3182402228797714,-4.958681061505381
2002-01-16,-28.335572542909134,25.750282320520178,-5.436765468168339,-3.917346271439266
2002-01-17,-28.897187101973007,25.014616684686793,-5.474131078178035,-4.938794523702324
2002-01-18,-30.782327461314097,25.550613016184442,-4.5046377523450944,-5.1332081223935715
2002-01-19,-29.9577031751303,27.416298847885294,-5.4868714704674995,-3.543402445009993
2002-01-20,-28.403602687628066,28.79486377678626,-3.8646592355068936,-4.542337328661565
2002-01-21,-27.731336875926416,29.268206150975185,-1.3335142366057542,-5.08828162964034
2002-01-22,-29.003345962570936,29.04136602034812,-2.716537596295086,-6.016210658820613
2002-01-23,-30.415714457107434,28.57769465234555,-5.75441852697844,-5.674231495769398
2002-01-24,-29.236701933099493,28.405345090734826,-6.506154830363134,-4.62948925804715
2002-01-25,-29.74586703626297,28.346388107787746,-5.089834694351059,-4.6163269332387165
2002-01-26,-30.074396540176792,29.62194684727332,-5.335787381759057,-5.990705729371716
2002-01-27,-30.149846129963706,30.160415422112155,-4.7617015747883835,-6.009124595833583
2002-01-28,-29.86284322737561,31.71368024324839,-4.322358972131329,-6.427892898883419
2002-01-29,-31.513143048413824,31.608572455698166,-4.726634226999609,-6.5315604433248
2002-01-30,-31.43697912605707,31.586554716980885,-3.2507411597212776,-7.978290475304427
2002-01-31,-31.099814514612792,31.67164274650784,-4.1496240752971225,-6.059103593229607
2002-02-01,-32.475493412630726,31.29221753232925,-3.4365850910133884,-5.63701678276967
2002-02-02,-31.76708279778297,31.26897867263645,-3.893872612109244,-5.731322818554915
2002-02-03,-30.639328921726023,30.70269679526817,-3.5926970232690985,-4.764540778531745
2002-02-04,-31.902715937199762,30.284793955173203,-0.9377313950447168,-4.832227783415568
2002-02-05,-34.460041955268956,30.80308070356407,0.5347688953187462,-4.403276721142511
2002-02-06,-33.590658050303304,32.231949793785745,2.126370939680006,-4.434839926967382
2002-02-07,-31.805614387447132,32.3966297683052,3.129651255444558,-3.2906414238547477
2002-02-08,-32.55917504997695,31.602185477240717,2.3604089553240013,-3.728013388686667
2002-02-09,-31.905143637678997,32.64929800126325,1.089766961354402,-3.8526033684892216
2002-02-10,-31.61194775152423,30.205642203134314,1.3876869871043391,-3.067588123396747
2002-02-11,-31.947062681710793,30.137723266682777,0.9289454854602407,-4.53980155417242
2002-02-12,-32.02724067275492,29.657324993247443,0.028602330672167664,-4.565381510086454
2002-02-13,-32.08155744587738,29.197162292801494,1.3398111642434634,-4.385926393289186
2002-02-14,-30.641435916716333,28.26615312932039,1.3548834756244368,-4.894136486283904
2002-02-15,-31.548016737463005,27.59596315078882,0.2989306269227492,-5.028028850708998
2002-02-16,-31.43190819491227,28.773897800094428,0.2880418298018703,-5.2191345547041355
2002-02-17,-31.810767014251958,30.024251811827092,1.2220096046167455,-4.203594584652512
2002-02-18,-31.97605153302459,31.73859627408915,0.7225811995773297,-5.6656920346847714
2002-02-19,-32.14639930491196,32.050086456635675,0.5125318943561394,-5.881722386120172
2002-02-20,-33.46837396674901,31.786711182884613,-0.1369927752126353,-7.944226889498056
2002-02-21,-34.83806366989133,33.42685624109189,-0.5607220066805307,-8.296280530045783
2002-02-22,-38.54683864978504,33.046547103963086,0.6189585842814613,-10.061091874675183
2002-02-23,-38.87563611931017,33.89696886771183,-0.3981654366425518,-10.36108733531625
2002-02-24,-37.106072527531666,31.85936169920372,-2.3134579762049303,-9.58255366655648
2002-02-25,-36.43169198143582,31.445604025857858,-2.5208527533229725,-10.826734833848107
2002-02-26,-35.23159976721752,30.18062675237568,-1.0974473306531647,-10.60723470095866
2002-02-27,-36.082492998612736,29.590236532768415,-1.4398575375399087,-12.270231939799647
2002-02-28,-35.51255797553751,28.072284208165005,-1.7934666477932792,-10.876858060146892
2002-03-01,-36.36595571993426,27.678565964142607,-1.6773539786851608,-11.59182818360627
2002-03-02,-36.84357661996969,28.06075646217535,-2.182942728291203,-10.350504617503626
2002-03-03,-36.08568548699929,27.080553094497116,-3.88143791548484,-9.464509774503638
2002-03-04,-36.614849386972914,27.50277502260356,-3.9167519418759142,-11.466436505746602
2002-03-05,-37.24176404160791,26.67168542417174,-4.21286401210066,-10.664121126574637
2002-03-06,-38.06439942730582,27.424875185774017,-4.485428286914467,-10.915421435123008
2002-03-07,-36.2009909618843,27.895779958014277,-5.935304318297028,-11.129207673238476
2002-03-08,-35.83967064147567,29.028919149540965,-7.672157776428237,-12.156944898504623
2002-03-09,-36.22948380828078,27.251567543442487,-7.698346026421999,-13.301011482396945
2002-03-10,-36.67323852824424,26.160525301357104,-7.191098962291441,-14.013331172365142
2002-03-11,-38.43838697165859,26.615774132267592,-7.301824752144998,-13.969562007507063
2002-03-12,-38.42681623448845,25.976901116594803,-7.307206104699369,-12.104648491879477
2002-03-13,-36.37843503149161,26.809473152294654,-7.206999188357395,-11.39495756739475
2002-03-14,-37.350947063212544,27.70557069268399,-7.716068031724745,-10.930666160892642
2002-03-15,-36.72763028538113,26.38143847948854,-7.818345964692417,-12.922789848897118
2002-03-16,-38.93299409268575,26.76411061715487,-5.498857028884291,-11.63492393660796
2002-03-17,-37.26507254527287,27.33592790049019,-3.3533426163709636,-11.945010943254118
2002-03-18,-38.36789488695565,25.95553887968304,-3.38846585274127,-11.125724646097309
2002-03-19,-38.785699578867145,26.18630553793183,-2.50694325853206,-11.9710971460647
2002-03-20,-38.613174451336036,26.085572947010352,-0.009950643315280061,-11.127694395517494
2002-03-21,-38.306838343084394,26.98498547656485,-0.11234990943250185,-11.947974465890237
2002-03-22,-38.74502760541194,27.68370150843344,-1.9566586785233846,-9.728102249016974
2002-03-23,-36.92918511212852,27.053513534927706,-2.651202534035799,-10.277598625238424
2002-03-24,-36.38503842235232,25.272697432264064,-1.7994372587250504,-10.441212151344839
2002-03-25,-35.274892016294025,23.144082151932583,-1.6980962812994236,-11.399687589264444
2002-03-26,-35.686302318389714,23.687227941481794,-0.6413406688924987,-9.175125222569571
2002-03-27,-35.67861336209965,24.240666916693673,0.11817544747547148,-8.964371738552188
2002-03-28,-34.9246853663286,23.816237486342267,0.42628366508833143,-8.302672504327981
2002-03-29,-36.219376675722124,24.61528154726531,1.148530707626238,-7.1277035720180715
2002-03-30,-37.56108811558653,24.497601207609925,0.6577171634485695,-6.680267510246529
2002-03-31,-39.0382203660572,27.18207815658278,0.3210308015598546,-5.514776902559872
2002-04-01,-37.63199540416808,27.6854933720744,-0.16557568834464753,-8.28243548508047
2002-04-02,-37.27786006175258,27.471773590648592,0.0018833132245330564,-8.140664355777094
2002-04-03,-38.450272960565684,27.544067590328318,0.015210092475743958,-9.213999574445431
2002-04-04,-38.57499811884216,26.179830635846404,0.12134805420298639,-11.174117865544801
2002-04-05,-40.96354709269283,26.457777370159647,0.06059411331594817,-12.724876102871809
2002-04-06,-41.196480122351886,26.771975390856458,1.8651886780544957,-11.43399259171161
2002-04-07,-42.42079353902199,27.616136140961757,1.742162411483682,-12.529736841932817
2002-04-08,-42.18632785205079,27.550438172216968,0.9897283185213559,-13.21409730807373
2002-04-09,-42.65973144398665,27.640803434124983,2.8726577430148947,-12.828668046615446
2002-04-10,-43.372911430719576,27.267090984430215,2.605479174010236,-14.233269547642868
2002-04-11,-45.08315614278412,28.771621647465334,2.690958838947811,-13.723638834036253
2002-04-12,-45.17694275457353,28.893482828556714,2.8496093213697677,-12.40014743278542
2002-04-13,-45.78292057521798,30.21312946994451,3.8402067413928433,-12.029212988438271
2002-04-14,-45.809747110812,29.195070141599214,2.9004444400602547,-11.87654990671978
2002-04-15,-45.015031094443195,29.843393080895414,2.127876601175771,-10.487586448322562
2002-04-16,-45.39957764154792,29.166280497404895,1.5853109859263683,-12.072319747734051
2002-04-17,-44.583450786217426,27.054812981173285,1.835224373771719,-12.972264053833097
2002-04-18,-43.95909568574047,26.016405422044613,2.4054832207188785,-14.831090568755883
2002-04-19,-44.02149664952223,26.31698861622678,2.018023630891318,-16.882605200946546
2002-04-20,-44.18064686641114,25.9606740655773,2.254361292665373,-16.674603708078326
2002-04-21,-44.10754978591625,25.40349098402083,2.542849581414926,-16.434487821018248
2002-04-22,-42.20397133926379,24.688586911891438,2.8831449754375926,-16.943541139069996
2002-04-23,-43.24481654309158,24.896139878167716,1.4165531200205488,-15.243417433127476
2002-04-24,-44.669978448455446,23.659122266495693,0.8759050794362824,-14.953205277930477
2002-04-25,-43.166432962443196,23.043330214529657,1.4915817336502268,-14.126082004439013
2002-04-26,-43.21597017141351,23.17236705681287,0.15698080005549375,-13.610356506404091
2002-04-27,-42.392928093978895,21.363450266711645,0.8867245494343063,-12.7264743284249
2002-04-28,-43.94151331731481,21.547402852056756,0.20125741092414207,-11.4350152085435
2002-04-29,-42.19249342804653,22.067972289882924,0.7098825008554079,-12.137084979053423
2002-04-30,-42.45226796346472,21.900829972738453,-0.11246938178586185,-13.157203037593277
2002-05-01,-41.55905210426623,23.202736172342874,-0.6714187602071285,-14.427303075431192
2002-05-02,-40.864432949868856,23.793525103728143,-0.7476389988747909,-15.267825331413775
2002-05-03,-40.62230759472509,23.489510157474804,0.5894367067895352,-14.348844321152608
2002-05-04,-39.8183963872278,23.57710641359527,0.827612239699242,-15.944598213569272
2002-05-05,-41.1353622766019,23.652122761678807,-0.77309749805621,-17.106156826053102
2002-05-06,-41.31280665821065,23.553717404951165,-2.404345331632535,-17.34533231162397
2002-05-07,-41.17170140580437,23.02771918458577,-0.4499184950026647,-17.49270692300687
2002-05-08,-39.91639480001349,22.125536824512523,-1.9305029778174976,-16.455590306406684
2002-05-09,-38.58912471866363,21.382779096461995,-1.8057400229218823,-16.368529202568137
2002-05-10,-38.256723762310365,22.268078177317626,-1.7965863366439467,-15.88731787447676
2002-05-11,-37.72623663726184,22.532518415030175,-1.8832732121548494,-14.92950280871932
2002-05-12,-35.90951704385096,22.7020186287355,-1.1089367951146774,-15.08666563590196
2002-05-13,-36.63366458214082,21.107854517891656,-1.2428756350373429,-14.576703787329066
2002-05-14,-34.83641405333733,20.41217985737371,-1.749386638970193,-13.995462904353234
2002-05-15,-35.15797950181476,18.7494006921724,-1.6013169065011092,-14.456170838349106
2002-05-16,-36.52673866352068,18.22432829740598,-2.4461789955992153,-14.753013639102598
2002-05-17,-35.497540459389796,18.445849534740997,-4.999740865774813,-15.434804674309197
2002-05-18,-34.507211419535786,19.236208949274623,-3.0721669976650627,-14.219916660942468
2002-05-19,-34.80925724422442,17.68038526983817,-2.9851435620108218,-16.397673825395515
2002-05-20,-36.1219181679072,17.10964493052476,-2.5469556467710928,-16.729427604381087
2002-05-21,-37.048645869416426,18.949575055375558,-3.2426125109181085,-15.724448870708539
2002-05-22,-35.34431361639442,19.053613273976676,-3.277513961302829,-14.893436391101126
2002-05-23,-36.238060024173535,19.067077550591904,-4.6220677658270635,-15.04981833863592
2002-05-24,-37.8055039861937,18.78944206778436,-7.590939790631044,-16.93818616752098
2002-05-25,-37.0403637905049,18.783582864881865,-10.13002143793117,-17.807141558849178
2002-05-26,-37.20829570377271,18.94929924098001,-11.001040561117827,-17.825689052100653
2002-05-27,-34.640863458093605,19.169899414766775,-10.521906915599732,-15.840123902705432
2002-05-28,-33.43263444795547,19.688060703386025,-11.152409426017893,-16.34025598122629
2002-05-29,-34.2106572847229,20.135041717981856,-10.624745538364563,-17.057164413868207
2002-05-30,-34.223067952731924,18.482923831908682,-10.135987011371984,-17.837068099228702
2002-05-31,-34.85551619925205,17.540700353142775,-9.486792814877264,-18.13625920930256
2002-06-01,-35.34388350700513,17.25465588537589,-9.387668299728176,-18.396627356328125
2002-06-02,-34.92424672980728,17.820329663848838,-10.983652987927032,-18.773057959817713
2002-06-03,-36.12922824842336,16.25839591890063,-11.791975017955222,-17.365860946163806
2002-06-04,-36.08751833301655,15.546071032145763,-12.42049645392711,-15.930369841309961
2002-06-05,-36.19019361400944,15.200087293801358,-13.925715460810949,-15.746259483868588
2002-06-06,-36.0058062985509,14.912994371727716,-13.566406353580296,-16.52293300365388
2002-06-07,-37.56819562645808,15.61664315450359,-12.14005648253492,-18.67442486170392
2002-06-08,-38.578960620694765,16.547571670166178,-12.77464166859832,-17.500506177376803
2002-06-09,-38.320739527970666,18.096505746748974,-13.372308365076671,-17.981964768804506
2002-06-10,-38.84889162824221,17.870453574924245,-14.736027030041958,-17.75108624466058
2002-06-11,-37.63685600876528,18.464137236344047,-13.58969453479802,-17.886159419315604
2002-06-12,-38.57913792625121,20.13242682698693,-13.760718245140351,-18.402063494054456
2002-06-13,-37.154993553257405,21.85036903302615,-14.292010628301943,-19.000975489098586
2002-06-14,-38.64929974107923,22.094601434193812,-13.920510590163053,-18.956681126465618
2002-06-15,-39.93554408678189,23.144629335444456,-15.575712394607702,-16.89974022177961
2002-06-16,-39.42396411616471,22.545582608268933,-14.331545375516066,-17.536322329246502
2002-06-17,-38.69529082555128,21.966957422092484,-14.07676707900395,-15.601417874699635
2002-06-18,-38.14667478266712,22.081194996482253,-15.546130170775205,-13.908344743343047
2002-06-19,-39.59965242893553,23.22475333554763,-14.801930444965537,-15.08211715385975
2002-06-20,-39.6864393369657,23.386336464540392,-16.471121468599577,-17.243830465137197
2002-06-21,-39.12394777947067,23.33905582243198,-16.769496353178354,-16.022810757025486
2002-06-22,-37.74790857094393,25.065383293237485,-17.97071100675105,-16.319224827746293
2002-06-23,-38.56474384407778,25.565927531189292,-17.509411281265724,-15.570268454386285
2002-06-24,-37.44498252667395,26.25938935113877,-16.741445950411673,-15.618011452000507
2002-06-25,-37.52182885959759,25.930794743333248,-17.169598033036962,-15.528942743266635
2002-06-26,-39.685294781093155,24.931740388380796,-15.07502505127092,-16.267850415808258
2002-06-27,-39.391435141701145,25.41353063200004,-14.396136557556595,-17.88375299144745
2002-06-28,-39.34256675909802,25.258227462278036,-16.01752893394081,-17.9621262882721
2002-06-29,-39.74129668212524,26.427607550926876,-16.10826144188162,-17.02807958895348
2002-06-30,-39.17391868107282,25.176492904375177,-15.761681803565786,-18.33684206221034
2002-07-01,-40.20638004814549,22.193765429242458,-16.798986489107495,-17.58829625647948
2002-07-02,-40.42427085795962,23.756692194630958,-16.873218624853845,-16.61101568251218
2002-07-03,-39.68518592964788,21.8697184238225,-16.579585546184685,-16.06151785573382
2002-07-04,-38.2723577130608,21.034043427112888,-17.545305463924752,-14.706199058469696
2002-07-05,-38.41441578131574,21.809168970599444,-16.638784796477914,-15.033048477225554
2002-07-06,-38.932959749948346,22.06593260517527,-14.978192296000111,-14.95746435960126
2002-07-07,-39.2616931581973,22.332603489876387,-14.747650742494217,-14.317102206750842
2002-07-08,-38.33794880070807,23.58294252606289,-15.457275442024255,-13.126381585001253
2002-07-09,-38.51588595867477,24.119072495397464,-15.77087619233427,-12.25984879032781
2002-07-10,-38.7118964644011,23.26419604651136,-16.200511578117514,-10.662348046567793
2002-07-11,-38.18580162505094,24.463480764680476,-16.580715173120023,-10.303244757622041
2002-07-12,-38.1215969272192,24.791864118710734,-16.049729605556504,-10.951199105129657
2002-07-13,-38.79881759613825,23.272096080471265,-16.475838175570356,-11.857143426342926
2002-07-14,-37.55627638864791,25.748299591611033,-16.335788209747488,-12.67056715902018
2002-07-15,-38.81089719641451,26.5419589920377,-15.12195744558835,-11.934887772752752
2002-07-16,-39.960079428221164,27.14786239215146,-15.56329609324824,-13.081711098422979
2002-07-17,-41.608389205274,26.044583865686484,-14.837616890592987,-12.209546105725872
2002-07-18,-42.41041630410748,26.193432407459564,-13.994770034354135,-13.074196443158344
2002-07-19,-41.73834614123457,26.071799615915804,-14.638126497931216,-10.740143486465083
2002-07-20,-41.74409928638293,25.265213827948998,-15.517342096310141,-11.928803464467364
2002-07-21,-42.21791325486015,25.575693270133584,-15.09728724383748,-9.905885187164246
2002-07-22,-41.30038276356786,26.074807670971197,-15.951489815900231,-11.378924013012323
2002-07-23,-41.32756014547698,25.86521941464529,-17.469185287467344,-12.178728542677655
2002-07-24,-40.250959053057294,24.20883242335732,-19.24548899612824,-10.02474112879964
2002-07-25,-39.33062460552067,23.00174378663145,-17.994135475447887,-12.213470532728678
2002-07-26,-37.49114404642333,23.789338673307803,-17.994949270175063,-11.890145004992265
2002-07-27,-39.067175907223714,24.085809584871154,-20.699587933493543,-11.49431301161634
2002-07-28,-41.068304861937335,22.709265087394865,-20.242275211025333,-11.859360925011673
2002-07-29,-41.480604337350634,22.475557857037796,-21.959507929504568,-11.047114150315481
2002-07-30,-40.234655369501525,22.25697613267742,-19.559591193181337,-10.660646515096818
2002-07-31,-41.15056851714363,23.225689110431375,-19.162074035366675,-10.852229700075709
2002-08-01,-41.47670698896881,23.63904935143264,-19.95496757107136,-10.552958640380986
2002-08-02,-41.982729666351965,22.6823866222275,-17.66119121440693,-8.836822147333056
2002-08-03,-43.3661455961961,21.577688476279214,-16.531379733214674,-9.765058144173233
2002-08-04,-42.147128093465014,20.9595129202049,-15.925732459058564,-9.636141037819
2002-08-05,-42.13993422090937,20.760305016617362,-16.942071627028092,-9.069259624074972
2002-08-06,-41.3172434926688,20.427129013894916,-16.184277861429198,-8.700001586076333
2002-08-07,-40.513352744887484,20.149694092213434,-15.965553344649908,-8.782070544113273
2002-08-08,-40.165010616152145,18.876052527018373,-14.550688635985729,-9.704102430175576
2002-08-09,-40.63596642391893,17.90324685814962,-14.752880024373727,-10.29229507063712
2002-08-10,-41.31575222244057,17.300374604304398,-15.224525042670152,-10.77190611155651
2002-08-11,-42.358676922497075,15.127802613071182,-15.001167901389733,-8.974042331032276
2002-08-12,-41.64270887634764,13.539690214035343,-14.563132071024782,-8.89076622370086
2002-08-13,-42.05441252119501,13.849935750811213,-14.854469766330997,-8.3795815703706
2002-08-14,-43.369372225371905,13.405090542999117,-16.139606240000475,-7.724440775573218
2002-08-15,-41.75068132063654,14.320072348526535,-14.982476251615406,-7.741910036160363
2002-08-16,-42.818787379110255,13.795937929555606,-14.421844573671171,-5.4213515012883935
2002-08-17,-45.18154881723977,13.990643605412563,-14.102190081214722,-5.825616569864283
2002-08-18,-43.9523706616371,13.84647776676345,-14.074807399145694,-5.956788796781743
2002-08-19,-43.39628843778815,13.27667842571214,-13.986779956774935,-6.226083116594481
2002-08-20,-45.40422963045673,13.263232053208078,-15.949125347970666,-7.444734766002252
2002-08-21,-46.19910124488171,13.053242009368942,-14.747522787498053,-7.680276495653781
2002-08-22,-46.44035769299265,13.32027112285736,-13.86560785952004,-7.143253560720285
2002-08-23,-45.33611070070459,12.07412708485195,-14.514097223142235,-6.65920201943155
2002-08-24,-45.64680878815358,11.234976513058363,-12.493315852729348,-6.380927758688072
2002-08-25,-44.96113173912275,10.973059497444337,-12.546711907359747,-5.681650515732641
2002-08-26,-47.46747224533051,10.506815707537577,-12.872776326698784,-4.519924323195849
2002-08-27,-46.91743593395285,9.664890797285697,-12.065639663539612,-3.6568815853515213
2002-08-28,-45.90182192218446,11.401912084676264,-12.334870713159084,-5.177965948139313
2002-08-29,-45.704102338407,11.101806976257885,-11.244717534364645,-3.3886959753199077
2002-08-30,-46.94962516777532,10.810220166611245,-11.671606225390905,-4.411945276458246
2002-08-31,-47.61925271272415,9.96821352553091,-11.750968775406578,-2.7260495611658335
2002-09-01,-48.725697436356384,10.112057129455655,-9.771539840290306,-3.582217852368284
2002-09-02,-48.725038578777486,8.89550023045314,-10.14149795426203,-4.077203734353684
2002-09-03,-48.90168951496008,7.302418311160788,-10.392515414673808,-4.890337506499194
2002-09-04,-47.33396258306306,8.606133873397619,-9.495753515383477,-5.920893016755828
2002-09-05,-47.158291328876366,9.568540681209774,-9.816997605403717,-4.904436534844905
2002-09-06,-46.52303039058529,11.376389833666602,-12.938212019657415,-4.569342434765527
2002-09-07,-45.13426396300287,11.592972306551488,-13.587922581283848,-3.934679356171468
2002-09-08,-46.39963940702516,11.081281063209357,-11.500746837397124,-3.5497820692528954
2002-09-09,-50.04223410062474,10.466339722133156,-12.925542839984102,-2.579637883607354
2002-09-10,-51.32538737005391,10.509266329701097,-12.725877311811972,-3.112559043969411
2002-09-11,-52.570872299934074,11.375589090866264,-13.899660268536076,-3.7096152288621314
2002-09-12,-52.56526225930046,10.812180405409002,-14.932801367266556,-3.6491883002980443
2002-09-13,-52.41522722718038,10.588387162746445,-14.300079050912153,-3.659796699681329
2002-09-14,-53.93389362924586,10.954361550795133,-13.747568321083588,-3.9419828191808506
2002-09-15,-52.69809160003877,10.424563413184552,-12.381762320465157,-3.8543678475621155
2002-09-16,-50.7679235562294,10.529372403142379,-12.417069976331605,-4.250453382952522
2002-09-17,-50.50149426351607,10.41392968831684,-12.094887435541501,-3.2775978149380305
2002-09-18,-50.109185042634536,10.146342920124027,-12.049301095875089,-3.01102872550926
2002-09-19,-50.50960704394412,10.243408638829461,-12.710766091270077,-3.4895124196051466
2002-09-20,-49.74726056551272,9.786807933931247,-12.309491089221641,-3.356007705262134
2002-09-21,-47.94305541282599,11.601445358956653,-14.835926230866338,-3.360238048681426
2002-09-22,-48.724052672465895,12.074333512788924,-16.473937835761937,-0.6449009560167358
2002-09-23,-48.827904861810794,11.83442506335012,-17.23410918962956,-2.318001715554259
2002-09-24,-47.444950857375495,10.776620714933152,-17.84632435452432,-0.6558937999148293
2002-09-25,-48.70137877276822,10.292207542543103,-16.03722648712875,0.6451759347407553
2002-09-26,-47.977475713486974,9.446178129154484,-15.829960900362682,0.7916444503871077
